-- phpMyAdmin SQL Dump
-- version 5.1.1
-- https://www.phpmyadmin.net/
--
-- Host: 127.0.0.1
-- Creato il: Gen 16, 2022 alle 15:55
-- Versione del server: 10.4.21-MariaDB
-- Versione PHP: 8.0.11

SET SQL_MODE = "NO_AUTO_VALUE_ON_ZERO";
START TRANSACTION;
SET time_zone = "+00:00";


/*!40101 SET @OLD_CHARACTER_SET_CLIENT=@@CHARACTER_SET_CLIENT */;
/*!40101 SET @OLD_CHARACTER_SET_RESULTS=@@CHARACTER_SET_RESULTS */;
/*!40101 SET @OLD_COLLATION_CONNECTION=@@COLLATION_CONNECTION */;
/*!40101 SET NAMES utf8mb4 */;

--
-- Database: `meetup_planner`
--

-- --------------------------------------------------------

--
-- Struttura della tabella `assegnato`
--

CREATE TABLE `assegnato` (
  `data_riunione` date NOT NULL,
  `ora_riunione` time NOT NULL,
  `nome_sala_riunione` varchar(30) NOT NULL,
  `nome_dipartimento_sala_riunione` varchar(30) NOT NULL,
  `email_partecipante` varchar(50) NOT NULL,
  `data_conferma_presenza_assenza` date DEFAULT NULL,
  `motivazione_assenza` varchar(30) DEFAULT NULL
) ENGINE=InnoDB DEFAULT CHARSET=utf8mb4;

--
-- Dump dei dati per la tabella `assegnato`
--

INSERT INTO `assegnato` (`data_riunione`, `ora_riunione`, `nome_sala_riunione`, `nome_dipartimento_sala_riunione`, `email_partecipante`, `data_conferma_presenza_assenza`, `motivazione_assenza`) VALUES
('2021-12-15', '09:00:00', 'Gamma', 'Ricerca', 'antonello.toldo@gmail.com', '2021-12-14', 'Assenza ingiustificata'),
('2021-12-15', '09:00:00', 'Gamma', 'Ricerca', 'cesare.vigliotti@gmail.com', '2021-12-10', NULL),
('2021-12-15', '09:00:00', 'Gamma', 'Ricerca', 'mariapia.fabbri@gmail.com', '2021-12-12', NULL),
('2021-12-15', '15:30:00', 'Stachanov', 'Produzione', 'concetta.palmieri@gmail.com', '2021-12-14', NULL),
('2021-12-15', '15:30:00', 'Stachanov', 'Produzione', 'costantino.serra@gmail.com', '2021-12-11', NULL),
('2021-12-15', '15:30:00', 'Stachanov', 'Produzione', 'domiziano.bernardi@gmail.com', '2021-12-12', 'Motivi personali'),
('2021-12-15', '15:30:00', 'Stachanov', 'Produzione', 'mariapia.fabbri@gmail.com', '2021-12-12', NULL),
('2021-12-15', '15:30:00', 'Stachanov', 'Produzione', 'rolando.lucchesi@gmail.com', '2021-12-14', 'Assenza ingiustificata'),
('2021-12-15', '15:30:00', 'Stachanov', 'Produzione', 'zaira.donini@gmail.com', '2021-12-13', NULL),
('2021-12-15', '16:00:00', 'Centrale', 'Produzione', 'alina.ferrante@gmail.com', '2021-12-14', NULL),
('2021-12-15', '16:00:00', 'Centrale', 'Produzione', 'antonello.toldo@gmail.com', '2021-12-14', 'Assenza ingiustificata'),
('2021-12-15', '16:00:00', 'Centrale', 'Produzione', 'concetta.palmieri@gmail.com', '2021-12-12', NULL),
('2021-12-15', '16:00:00', 'Centrale', 'Produzione', 'elladio.montessori@gmail.com', '2021-12-13', NULL),
('2021-12-15', '16:00:00', 'Centrale', 'Produzione', 'valeria.andreotti@gmail.com', '2021-12-11', NULL),
('2021-12-15', '16:00:00', 'Crociera', 'Risorse umane', 'anita.sraffa@gmail.com', '2021-12-11', 'Motivi personali'),
('2021-12-15', '16:00:00', 'Crociera', 'Risorse umane', 'cesare.vigliotti@gmail.com', '2021-12-14', NULL),
('2021-12-15', '16:00:00', 'Crociera', 'Risorse umane', 'giancarlo.scotti@gmail.com', '2021-12-09', NULL),
('2021-12-15', '16:00:00', 'Crociera', 'Risorse umane', 'ivo.sauli@gmail.com', '2021-12-13', NULL),
('2021-12-16', '08:45:00', 'Turing', 'Ricerca', 'domiziano.bernardi@gmail.com', '2021-12-14', NULL),
('2021-12-16', '08:45:00', 'Turing', 'Ricerca', 'irene.martini@gmail.com', '2021-12-25', NULL),
('2021-12-16', '09:30:00', 'Centrale', 'Produzione', 'antonello.toldo@gmail.com', '2021-12-15', 'Assenza ingiustificata'),
('2021-12-16', '09:30:00', 'Centrale', 'Produzione', 'concetta.palmieri@gmail.com', '2021-12-12', NULL),
('2021-12-16', '09:30:00', 'Centrale', 'Produzione', 'domiziano.bernardi@gmail.com', '2021-12-11', NULL),
('2021-12-16', '09:30:00', 'Centrale', 'Produzione', 'irene.martini@gmail.com', '2021-12-14', NULL),
('2021-12-16', '09:30:00', 'Centrale', 'Produzione', 'marcello.bettin@gmail.com', '2021-12-15', NULL),
('2021-12-16', '09:30:00', 'Centrale', 'Produzione', 'valeria.andreotti@gmail.com', '2021-12-15', NULL),
('2021-12-16', '11:00:00', 'Orion', 'Marketing', 'graziella.natta@gmail.com', '2021-12-14', NULL),
('2021-12-16', '11:00:00', 'Orion', 'Marketing', 'rolando.lucchesi@gmail.com', '2021-12-11', 'Viaggio'),
('2021-12-16', '13:30:00', 'Magenta', 'Contabilità', 'costantino.serra@gmail.com', '2021-12-13', NULL),
('2021-12-16', '13:30:00', 'Magenta', 'Contabilità', 'marcello.bettin@gmail.com', '2021-12-14', NULL),
('2021-12-16', '13:30:00', 'Magenta', 'Contabilità', 'mariapia.fabbri@gmail.com', '2021-12-10', NULL),
('2021-12-17', '10:00:00', 'Manhattan', 'Marketing', 'cesare.vigliotti@gmail.com', '2021-12-15', NULL),
('2021-12-17', '10:00:00', 'Manhattan', 'Marketing', 'costantino.serra@gmail.com', '2021-12-13', NULL),
('2021-12-17', '10:00:00', 'Manhattan', 'Marketing', 'domiziano.bernardi@gmail.com', '2021-12-13', NULL),
('2021-12-17', '10:00:00', 'Manhattan', 'Marketing', 'irene.martini@gmail.com', '2021-12-11', NULL),
('2021-12-17', '10:00:00', 'Manhattan', 'Marketing', 'marcello.bettin@gmail.com', '2021-12-12', 'Motivi di salute'),
('2021-12-17', '10:00:00', 'Manhattan', 'Marketing', 'zaira.donini@gmail.com', '2021-12-12', NULL),
('2021-12-17', '13:00:00', 'Delta', 'Risorse umane', 'antonello.toldo@gmail.com', '2021-12-14', NULL),
('2021-12-17', '13:00:00', 'Delta', 'Risorse umane', 'concetta.palmieri@gmail.com', '2021-12-16', NULL),
('2021-12-17', '13:00:00', 'Delta', 'Risorse umane', 'elladio.montessori@gmail.com', '2021-12-16', NULL),
('2021-12-17', '13:00:00', 'Delta', 'Risorse umane', 'ivo.sauli@gmail.com', '2021-12-13', NULL),
('2021-12-17', '13:00:00', 'Delta', 'Risorse umane', 'mariapia.fabbri@gmail.com', '2021-12-15', NULL),
('2022-01-25', '09:00:00', 'Delta', 'Risorse umane', 'adele.dalla@gmail.com', '2022-01-20', NULL),
('2022-01-25', '09:00:00', 'Delta', 'Risorse umane', 'alina.ferrante@gmail.com', '2022-01-22', NULL),
('2022-01-25', '09:00:00', 'Delta', 'Risorse umane', 'angelina.monteverdi@gmail.com', '2022-01-19', NULL),
('2022-01-25', '09:00:00', 'Delta', 'Risorse umane', 'antonello.toldo@gmail.com', '2022-01-17', 'Problemi personali'),
('2022-01-25', '09:00:00', 'Delta', 'Risorse umane', 'antonina.gelli@gmail.com', NULL, NULL),
('2022-01-25', '09:00:00', 'Delta', 'Risorse umane', 'cesare.vigliotti@gmail.com', '2022-01-22', NULL),
('2022-01-25', '11:00:00', 'Confucio', 'Risorse umane', 'angelina.monteverdi@gmail.com', '2022-01-20', NULL),
('2022-01-25', '11:00:00', 'Confucio', 'Risorse umane', 'domiziano.bernardi@gmail.com', '2022-01-22', 'Motivi personali'),
('2022-01-25', '11:00:00', 'Confucio', 'Risorse umane', 'giancarlo.scotti@gmail.com', NULL, NULL),
('2022-01-25', '16:00:00', 'Centrale', 'Produzione', 'antonello.toldo@gmail.com', '2022-01-18', NULL),
('2022-01-25', '16:00:00', 'Centrale', 'Produzione', 'elladio.montessori@gmail.com', NULL, NULL),
('2022-01-25', '16:00:00', 'Centrale', 'Produzione', 'ivo.sauli@gmail.com', '2022-01-23', NULL),
('2022-01-25', '16:00:00', 'Centrale', 'Produzione', 'valeria.andreotti@gmail.com', '2022-01-16', NULL),
('2022-01-25', '17:30:00', 'Crociera', 'Risorse umane', 'antonello.toldo@gmail.com', NULL, NULL),
('2022-01-25', '17:30:00', 'Crociera', 'Risorse umane', 'concetta.palmieri@gmail.com', '2022-01-10', NULL),
('2022-01-25', '17:30:00', 'Crociera', 'Risorse umane', 'graziella.natta@gmail.com', '2022-01-02', NULL),
('2022-01-25', '17:30:00', 'Crociera', 'Risorse umane', 'zaira.donini@gmail.com', '2022-01-07', 'Impegni extralavorativi'),
('2022-01-26', '08:45:00', 'Gamma', 'Ricerca', 'adele.dalla@gmail.com', NULL, NULL),
('2022-01-26', '08:45:00', 'Gamma', 'Ricerca', 'irene.martini@gmail.com', '2022-01-05', NULL),
('2022-01-26', '08:45:00', 'Gamma', 'Ricerca', 'rolando.lucchesi@gmail.com', '2022-01-02', NULL),
('2022-01-26', '14:00:00', 'Lorentz', 'Contabilità', 'alina.ferrante@gmail.com', '2022-01-22', NULL),
('2022-01-26', '14:00:00', 'Lorentz', 'Contabilità', 'domiziano.bernardi@gmail.com', '2022-01-05', NULL),
('2022-01-26', '14:00:00', 'Lorentz', 'Contabilità', 'mariapia.fabbri@gmail.com', '2022-01-14', NULL),
('2022-01-26', '18:30:00', 'Magenta', 'Contabilità', 'adele.dalla@gmail.com', '2022-01-15', NULL),
('2022-01-26', '18:30:00', 'Magenta', 'Contabilità', 'domiziano.bernardi@gmail.com', '2022-01-20', 'Motivi personali'),
('2022-01-26', '18:30:00', 'Magenta', 'Contabilità', 'valeria.andreotti@gmail.com', '2022-01-13', NULL),
('2022-01-27', '08:30:00', 'Stachanov', 'Produzione', 'angelina.monteverdi@gmail.com', '2022-01-03', NULL),
('2022-01-27', '08:30:00', 'Stachanov', 'Produzione', 'graziella.natta@gmail.com', NULL, NULL),
('2022-01-27', '08:30:00', 'Stachanov', 'Produzione', 'mariapia.fabbri@gmail.com', '2022-01-01', NULL),
('2022-01-27', '09:30:00', 'Turing', 'Ricerca', 'domiziano.bernardi@gmail.com', '2022-01-12', NULL),
('2022-01-27', '09:30:00', 'Turing', 'Ricerca', 'ivo.sauli@gmail.com', '2022-01-16', NULL),
('2022-01-27', '11:15:00', 'Turing', 'Ricerca', 'concetta.palmieri@gmail.com', '2022-01-21', 'Impegni extralavorativi'),
('2022-01-27', '11:15:00', 'Turing', 'Ricerca', 'costantino.serra@gmail.com', '2022-01-13', NULL),
('2022-01-27', '11:15:00', 'Turing', 'Ricerca', 'irene.martini@gmail.com', '2022-01-10', NULL);

-- --------------------------------------------------------

--
-- Struttura della tabella `dipartimento`
--

CREATE TABLE `dipartimento` (
  `nome` varchar(30) NOT NULL,
  `indirizzo` varchar(50) NOT NULL,
  `email_dirigente` varchar(50) NOT NULL
) ENGINE=InnoDB DEFAULT CHARSET=utf8mb4;

--
-- Dump dei dati per la tabella `dipartimento`
--

INSERT INTO `dipartimento` (`nome`, `indirizzo`, `email_dirigente`) VALUES
('Contabilità', 'Borgo Barbieri 07', 'antonina.gelli@gmail.com'),
('Marketing', 'Borgo Pagano 65', 'giancarlo.scotti@gmail.com'),
('Produzione', 'Via Lombardo 2', 'cesare.vigliotti@gmail.com'),
('Ricerca', 'Via Emilia 76', 'angelina.monteverdi@gmail.com'),
('Risorse umane', 'Borgo Pagano 67', 'graziella.natta@gmail.com');

-- --------------------------------------------------------

--
-- Struttura della tabella `lavoratore`
--

CREATE TABLE `lavoratore` (
  `email` varchar(50) NOT NULL,
  `nome` varchar(30) NOT NULL,
  `cognome` varchar(30) NOT NULL,
  `data_di_nascita` date NOT NULL,
  `foto` longblob NOT NULL,
  `ruolo` varchar(30) NOT NULL,
  `data_assunzione` date DEFAULT NULL,
  `anni_servizio` int(11) DEFAULT NULL,
  `nome_dipartimento` varchar(30) DEFAULT NULL,
  `dirigente_autorizzante` varchar(50) DEFAULT NULL,
  `data_autorizzazione` date DEFAULT NULL,
  `user_password` varchar(32) NOT NULL
) ENGINE=InnoDB DEFAULT CHARSET=utf8mb4;

--
-- Dump dei dati per la tabella `lavoratore`
--

INSERT INTO `lavoratore` (`email`, `nome`, `cognome`, `data_di_nascita`, `foto`, `ruolo`, `data_assunzione`, `anni_servizio`, `nome_dipartimento`, `dirigente_autorizzante`, `data_autorizzazione`, `user_password`) VALUES
('adele.dalla@gmail.com', 'Adele', 'Dalla', '2000-04-17', 0xffd8ffe000104a46494600010100000100010000ffdb0084000906070f0f10101010100e1110101010100e100f0d1010120f0f1511161616121515181d2820181a251b151321312125292b2e2e2e171f3338332d37282d2e2b010a0a0a0505050e05050e2b1913192b2b2b2b2b2b2b2b2b2b2b2b2b2b2b2b2b2b2b2b2b2b2b2b2b2b2b2b2b2b2b2b2b2b2b2b2b2b2b2b2b2b2b2b2b2b2b2b2b2bffc0001108010300c203012200021101031101ffc4001b00010100030101010000000000000000000005010304020607ffc40033100100010105040904020203000000000000010203040511213141517112323342618182b1c12252a1d191e113f11592b2ffc40014010100000000000000000000000000000000ffc40014110100000000000000000000000000000000ffda000c03010002110311003f00fd4c0000000000000000000000000000000000000000000000000000000000000000000000000000000000000000006ab6bc53475a7cb7b82d7149ee53978d5fa054626638c7f28755f6d27bd31cb468aa739ce759907d1f4a38c7f30cbe69d14df2d23bd3e7a82e895678a551d6a627c62727758dee8af64ebc274906f000000000000000000000062672026532f788eea3cea9f86bbfdf3a7f4d3d5df3f77f4e206666676b0000000003312c00efba62331a57ac71df1fb54a2a8988989ce2764be71d373bdcd9cf1a676c70f1805c1e68ae2622627389d92f4000000000000000026e2979cbe88dfd6fd3baded228a66a9dd1f9dc815d59cccced9d641e40000000000000000077e1979ca7a13b27abe12acf9b895ebadb74e98ab7ec9e60dc0000000000000027e2f6b94453c6739e5094ecc52aced32cf6444727180000000000000000000a3845a6b553c7ea8f9f84e745c6acad29f19ca417461900000000001864042bff00695f373ba2ff00da57cdce00000000000000000003d594fd51ce3dde5eace3ea8e71ee0fa26586400000000000011b14a72b4cf8c44b8d5717b3ce9a6ae1394e9ba5280000000000000000000745c69ced28e79f9439d4708b2d6aab84651b3682a000000000000000f16d474a99a78c64f9fae99a666276c4e52fa34ec4eed9fd71b63ad1e1c412c0000000000000000066217aeb63d0a6237ed9e6e0c32ed9cf4e6348eaf8cf1550000000000000000189864047bfdcfa1f553d5ffcff004e27d24c26def0eef51ff5fd0268cd54cc4e53194f09600000000066201874dceeb3693c298db3f10dd75c3e675af48e1be7f4a945311111119446c8028a22988888ca23643d000000000000000c4b96f77da68d235ab86e8e6956d78aebdb33ca34805da2d699998898998db94bdbe72ceb9a662699ca616ee97a8b48e1546d8f9e40e8001aad6c29afad4c4f8ef70db617f6d5e557ed4c042aee5691dd99e5ab54d955f6d5fc4be8807ce7f8eafb6afe25ba9b9da4f767cf45d012acb0b9ef4c47846b3fcbbec2ed4d1d588e7b65b800001e6d2b8a63399888f12baa298999d2236a2df2f53693c298d91f20b54d513b262793d3e76ced2aa673a666394a8dd310cf2a6bca27ee8d9e60a23112c80000e5bfdebfc71a75a767847174a0deed7a75cceed91ca01aa67f3acb0003d59d734ce71394c3c80b574bf535e93a55c38f2753e6ddb76c46aa74abea8e3bc16069b1bcd15ecaa33e13a4b7000000000f1696914eb33100f6d76f6d4d119d5e51be5c36f89eea23d53f109d5d7354e7339c8375eaf555a4f0a77439c000014b0cbd7727d33f0a6f9b89cb58db1ac2fdded3a74c55c63f20da0034deebe8d9d53b349cb9ce9080b78976557a7de110000000000087459df2d29d9567cf57380a34e2b396b4c4cf84cc36462947db57e2528056ff0094a3edaff0d7562bc28e59d5fd2680ebb4c42d277c472872d554ceb3333ce580000000000056c22bce9aa33d939f289ff5292a583f7fd3f20a60039712eceaf2f78445bc4bb3abcbde110000000000000000000000000000000052c1fbfe9f94d52c1fbfe9f9053001cb897675797bc222de25d9d5e5ef08800000000000000000000000000000002960fdff004fca6a960fdff4fc829800e5c4bb3abcbde1116f12eceaf2f7844000000000000000000000000000000014b07eff00a7e5354b07effa7e414c0072e25d9d5e5ef088000000000000000000000000000000002960fdff004fcb2029000fffd9, 'Funzionario', NULL, NULL, 'Ricerca', 'giancarlo.scotti@gmail.com', '2019-10-25', '202cb962ac59075b964b07152d234b70'),
('alina.ferrante@gmail.com', 'Alina', 'Ferrante', '1990-11-12', 0xffd8ffe000104a46494600010100000100010000ffdb0084000906070f0f10101010100e1110101010100e100f0d1010120f0f1511161616121515181d2820181a251b151321312125292b2e2e2e171f3338332d37282d2e2b010a0a0a0505050e05050e2b1913192b2b2b2b2b2b2b2b2b2b2b2b2b2b2b2b2b2b2b2b2b2b2b2b2b2b2b2b2b2b2b2b2b2b2b2b2b2b2b2b2b2b2b2b2b2b2b2b2b2bffc0001108010300c203012200021101031101ffc4001b00010100030101010000000000000000000005010304020607ffc40033100100010105040904020203000000000000010203040511213141517112323342618182b1c12252a1d191e113f11592b2ffc40014010100000000000000000000000000000000ffc40014110100000000000000000000000000000000ffda000c03010002110311003f00fd4c0000000000000000000000000000000000000000000000000000000000000000000000000000000000000000006ab6bc53475a7cb7b82d7149ee53978d5fa054626638c7f28755f6d27bd31cb468aa739ce759907d1f4a38c7f30cbe69d14df2d23bd3e7a82e895678a551d6a627c62727758dee8af64ebc274906f000000000000000000000062672026532f788eea3cea9f86bbfdf3a7f4d3d5df3f77f4e206666676b0000000003312c00efba62331a57ac71df1fb54a2a8988989ce2764be71d373bdcd9cf1a676c70f1805c1e68ae2622627389d92f4000000000000000026e2979cbe88dfd6fd3baded228a66a9dd1f9dc815d59cccced9d641e40000000000000000077e1979ca7a13b27abe12acf9b895ebadb74e98ab7ec9e60dc0000000000000027e2f6b94453c6739e5094ecc52aced32cf6444727180000000000000000000a3845a6b553c7ea8f9f84e745c6acad29f19ca417461900000000001864042bff00695f373ba2ff00da57cdce00000000000000000003d594fd51ce3dde5eace3ea8e71ee0fa26586400000000000011b14a72b4cf8c44b8d5717b3ce9a6ae1394e9ba5280000000000000000000745c69ced28e79f9439d4708b2d6aab84651b3682a000000000000000f16d474a99a78c64f9fae99a666276c4e52fa34ec4eed9fd71b63ad1e1c412c0000000000000000066217aeb63d0a6237ed9e6e0c32ed9cf4e6348eaf8cf1550000000000000000189864047bfdcfa1f553d5ffcff004e27d24c26def0eef51ff5fd0268cd54cc4e53194f09600000000066201874dceeb3693c298db3f10dd75c3e675af48e1be7f4a945311111119446c8028a22988888ca23643d000000000000000c4b96f77da68d235ab86e8e6956d78aebdb33ca34805da2d699998898998db94bdbe72ceb9a662699ca616ee97a8b48e1546d8f9e40e8001aad6c29afad4c4f8ef70db617f6d5e557ed4c042aee5691dd99e5ab54d955f6d5fc4be8807ce7f8eafb6afe25ba9b9da4f767cf45d012acb0b9ef4c47846b3fcbbec2ed4d1d588e7b65b800001e6d2b8a63399888f12baa298999d2236a2df2f53693c298d91f20b54d513b262793d3e76ced2aa673a666394a8dd310cf2a6bca27ee8d9e60a23112c80000e5bfdebfc71a75a767847174a0deed7a75cceed91ca01aa67f3acb0003d59d734ce71394c3c80b574bf535e93a55c38f2753e6ddb76c46aa74abea8e3bc16069b1bcd15ecaa33e13a4b7000000000f1696914eb33100f6d76f6d4d119d5e51be5c36f89eea23d53f109d5d7354e7339c8375eaf555a4f0a77439c000014b0cbd7727d33f0a6f9b89cb58db1ac2fdded3a74c55c63f20da0034deebe8d9d53b349cb9ce9080b78976557a7de110000000000087459df2d29d9567cf57380a34e2b396b4c4cf84cc36462947db57e2528056ff0094a3edaff0d7562bc28e59d5fd2680ebb4c42d277c472872d554ceb3333ce580000000000056c22bce9aa33d939f289ff5292a583f7fd3f20a60039712eceaf2f78445bc4bb3abcbde110000000000000000000000000000000052c1fbfe9f94d52c1fbfe9f9053001cb897675797bc222de25d9d5e5ef08800000000000000000000000000000002960fdff004fca6a960fdff4fc829800e5c4bb3abcbde1116f12eceaf2f7844000000000000000000000000000000014b07eff00a7e5354b07effa7e414c0072e25d9d5e5ef088000000000000000000000000000000002960fdff004fcb2029000fffd9, 'Impiegato semplice', NULL, NULL, 'Contabilità', NULL, NULL, 'a906449d5769fa7361d7ecc6aa3f6d28'),
('angelina.monteverdi@gmail.com', 'Angelina', 'Monteverdi', '1978-09-24', 0xffd8ffe000104a46494600010100000100010000ffdb0084000906070f0f10101010100e1110101010100e100f0d1010120f0f1511161616121515181d2820181a251b151321312125292b2e2e2e171f3338332d37282d2e2b010a0a0a0505050e05050e2b1913192b2b2b2b2b2b2b2b2b2b2b2b2b2b2b2b2b2b2b2b2b2b2b2b2b2b2b2b2b2b2b2b2b2b2b2b2b2b2b2b2b2b2b2b2b2b2b2b2b2bffc0001108010300c203012200021101031101ffc4001b00010100030101010000000000000000000005010304020607ffc40033100100010105040904020203000000000000010203040511213141517112323342618182b1c12252a1d191e113f11592b2ffc40014010100000000000000000000000000000000ffc40014110100000000000000000000000000000000ffda000c03010002110311003f00fd4c0000000000000000000000000000000000000000000000000000000000000000000000000000000000000000006ab6bc53475a7cb7b82d7149ee53978d5fa054626638c7f28755f6d27bd31cb468aa739ce759907d1f4a38c7f30cbe69d14df2d23bd3e7a82e895678a551d6a627c62727758dee8af64ebc274906f000000000000000000000062672026532f788eea3cea9f86bbfdf3a7f4d3d5df3f77f4e206666676b0000000003312c00efba62331a57ac71df1fb54a2a8988989ce2764be71d373bdcd9cf1a676c70f1805c1e68ae2622627389d92f4000000000000000026e2979cbe88dfd6fd3baded228a66a9dd1f9dc815d59cccced9d641e40000000000000000077e1979ca7a13b27abe12acf9b895ebadb74e98ab7ec9e60dc0000000000000027e2f6b94453c6739e5094ecc52aced32cf6444727180000000000000000000a3845a6b553c7ea8f9f84e745c6acad29f19ca417461900000000001864042bff00695f373ba2ff00da57cdce00000000000000000003d594fd51ce3dde5eace3ea8e71ee0fa26586400000000000011b14a72b4cf8c44b8d5717b3ce9a6ae1394e9ba5280000000000000000000745c69ced28e79f9439d4708b2d6aab84651b3682a000000000000000f16d474a99a78c64f9fae99a666276c4e52fa34ec4eed9fd71b63ad1e1c412c0000000000000000066217aeb63d0a6237ed9e6e0c32ed9cf4e6348eaf8cf1550000000000000000189864047bfdcfa1f553d5ffcff004e27d24c26def0eef51ff5fd0268cd54cc4e53194f09600000000066201874dceeb3693c298db3f10dd75c3e675af48e1be7f4a945311111119446c8028a22988888ca23643d000000000000000c4b96f77da68d235ab86e8e6956d78aebdb33ca34805da2d699998898998db94bdbe72ceb9a662699ca616ee97a8b48e1546d8f9e40e8001aad6c29afad4c4f8ef70db617f6d5e557ed4c042aee5691dd99e5ab54d955f6d5fc4be8807ce7f8eafb6afe25ba9b9da4f767cf45d012acb0b9ef4c47846b3fcbbec2ed4d1d588e7b65b800001e6d2b8a63399888f12baa298999d2236a2df2f53693c298d91f20b54d513b262793d3e76ced2aa673a666394a8dd310cf2a6bca27ee8d9e60a23112c80000e5bfdebfc71a75a767847174a0deed7a75cceed91ca01aa67f3acb0003d59d734ce71394c3c80b574bf535e93a55c38f2753e6ddb76c46aa74abea8e3bc16069b1bcd15ecaa33e13a4b7000000000f1696914eb33100f6d76f6d4d119d5e51be5c36f89eea23d53f109d5d7354e7339c8375eaf555a4f0a77439c000014b0cbd7727d33f0a6f9b89cb58db1ac2fdded3a74c55c63f20da0034deebe8d9d53b349cb9ce9080b78976557a7de110000000000087459df2d29d9567cf57380a34e2b396b4c4cf84cc36462947db57e2528056ff0094a3edaff0d7562bc28e59d5fd2680ebb4c42d277c472872d554ceb3333ce580000000000056c22bce9aa33d939f289ff5292a583f7fd3f20a60039712eceaf2f78445bc4bb3abcbde110000000000000000000000000000000052c1fbfe9f94d52c1fbfe9f9053001cb897675797bc222de25d9d5e5ef08800000000000000000000000000000002960fdff004fca6a960fdff4fc829800e5c4bb3abcbde1116f12eceaf2f7844000000000000000000000000000000014b07eff00a7e5354b07effa7e414c0072e25d9d5e5ef088000000000000000000000000000000002960fdff004fcb2029000fffd9, 'Direttore', '2018-01-18', 3, NULL, NULL, NULL, '202cb962ac59075b964b07152d234b70'),
('anita.sraffa@gmail.com', 'Anita', 'Sraffa', '1973-04-18', 0xffd8ffe000104a46494600010100000100010000ffdb0084000906070f0f10101010100e1110101010100e100f0d1010120f0f1511161616121515181d2820181a251b151321312125292b2e2e2e171f3338332d37282d2e2b010a0a0a0505050e05050e2b1913192b2b2b2b2b2b2b2b2b2b2b2b2b2b2b2b2b2b2b2b2b2b2b2b2b2b2b2b2b2b2b2b2b2b2b2b2b2b2b2b2b2b2b2b2b2b2b2b2b2bffc0001108010300c203012200021101031101ffc4001b00010100030101010000000000000000000005010304020607ffc40033100100010105040904020203000000000000010203040511213141517112323342618182b1c12252a1d191e113f11592b2ffc40014010100000000000000000000000000000000ffc40014110100000000000000000000000000000000ffda000c03010002110311003f00fd4c0000000000000000000000000000000000000000000000000000000000000000000000000000000000000000006ab6bc53475a7cb7b82d7149ee53978d5fa054626638c7f28755f6d27bd31cb468aa739ce759907d1f4a38c7f30cbe69d14df2d23bd3e7a82e895678a551d6a627c62727758dee8af64ebc274906f000000000000000000000062672026532f788eea3cea9f86bbfdf3a7f4d3d5df3f77f4e206666676b0000000003312c00efba62331a57ac71df1fb54a2a8988989ce2764be71d373bdcd9cf1a676c70f1805c1e68ae2622627389d92f4000000000000000026e2979cbe88dfd6fd3baded228a66a9dd1f9dc815d59cccced9d641e40000000000000000077e1979ca7a13b27abe12acf9b895ebadb74e98ab7ec9e60dc0000000000000027e2f6b94453c6739e5094ecc52aced32cf6444727180000000000000000000a3845a6b553c7ea8f9f84e745c6acad29f19ca417461900000000001864042bff00695f373ba2ff00da57cdce00000000000000000003d594fd51ce3dde5eace3ea8e71ee0fa26586400000000000011b14a72b4cf8c44b8d5717b3ce9a6ae1394e9ba5280000000000000000000745c69ced28e79f9439d4708b2d6aab84651b3682a000000000000000f16d474a99a78c64f9fae99a666276c4e52fa34ec4eed9fd71b63ad1e1c412c0000000000000000066217aeb63d0a6237ed9e6e0c32ed9cf4e6348eaf8cf1550000000000000000189864047bfdcfa1f553d5ffcff004e27d24c26def0eef51ff5fd0268cd54cc4e53194f09600000000066201874dceeb3693c298db3f10dd75c3e675af48e1be7f4a945311111119446c8028a22988888ca23643d000000000000000c4b96f77da68d235ab86e8e6956d78aebdb33ca34805da2d699998898998db94bdbe72ceb9a662699ca616ee97a8b48e1546d8f9e40e8001aad6c29afad4c4f8ef70db617f6d5e557ed4c042aee5691dd99e5ab54d955f6d5fc4be8807ce7f8eafb6afe25ba9b9da4f767cf45d012acb0b9ef4c47846b3fcbbec2ed4d1d588e7b65b800001e6d2b8a63399888f12baa298999d2236a2df2f53693c298d91f20b54d513b262793d3e76ced2aa673a666394a8dd310cf2a6bca27ee8d9e60a23112c80000e5bfdebfc71a75a767847174a0deed7a75cceed91ca01aa67f3acb0003d59d734ce71394c3c80b574bf535e93a55c38f2753e6ddb76c46aa74abea8e3bc16069b1bcd15ecaa33e13a4b7000000000f1696914eb33100f6d76f6d4d119d5e51be5c36f89eea23d53f109d5d7354e7339c8375eaf555a4f0a77439c000014b0cbd7727d33f0a6f9b89cb58db1ac2fdded3a74c55c63f20da0034deebe8d9d53b349cb9ce9080b78976557a7de110000000000087459df2d29d9567cf57380a34e2b396b4c4cf84cc36462947db57e2528056ff0094a3edaff0d7562bc28e59d5fd2680ebb4c42d277c472872d554ceb3333ce580000000000056c22bce9aa33d939f289ff5292a583f7fd3f20a60039712eceaf2f78445bc4bb3abcbde110000000000000000000000000000000052c1fbfe9f94d52c1fbfe9f9053001cb897675797bc222de25d9d5e5ef08800000000000000000000000000000002960fdff004fca6a960fdff4fc829800e5c4bb3abcbde1116f12eceaf2f7844000000000000000000000000000000014b07eff00a7e5354b07effa7e414c0072e25d9d5e5ef088000000000000000000000000000000002960fdff004fcb2029000fffd9, 'Funzionario', NULL, NULL, 'Contabilità', 'cesare.vigliotti@gmail.com', '2017-08-16', '202cb962ac59075b964b07152d234b70'),
('antonello.toldo@gmail.com', 'Antonello', 'Toldo', '1991-01-29', 0xffd8ffe000104a46494600010100000100010000ffdb0084000906070f0f10101010100e1110101010100e100f0d1010120f0f1511161616121515181d2820181a251b151321312125292b2e2e2e171f3338332d37282d2e2b010a0a0a0505050e05050e2b1913192b2b2b2b2b2b2b2b2b2b2b2b2b2b2b2b2b2b2b2b2b2b2b2b2b2b2b2b2b2b2b2b2b2b2b2b2b2b2b2b2b2b2b2b2b2b2b2b2b2bffc0001108010300c203012200021101031101ffc4001b00010100030101010000000000000000000005010304020607ffc40033100100010105040904020203000000000000010203040511213141517112323342618182b1c12252a1d191e113f11592b2ffc40014010100000000000000000000000000000000ffc40014110100000000000000000000000000000000ffda000c03010002110311003f00fd4c0000000000000000000000000000000000000000000000000000000000000000000000000000000000000000006ab6bc53475a7cb7b82d7149ee53978d5fa054626638c7f28755f6d27bd31cb468aa739ce759907d1f4a38c7f30cbe69d14df2d23bd3e7a82e895678a551d6a627c62727758dee8af64ebc274906f000000000000000000000062672026532f788eea3cea9f86bbfdf3a7f4d3d5df3f77f4e206666676b0000000003312c00efba62331a57ac71df1fb54a2a8988989ce2764be71d373bdcd9cf1a676c70f1805c1e68ae2622627389d92f4000000000000000026e2979cbe88dfd6fd3baded228a66a9dd1f9dc815d59cccced9d641e40000000000000000077e1979ca7a13b27abe12acf9b895ebadb74e98ab7ec9e60dc0000000000000027e2f6b94453c6739e5094ecc52aced32cf6444727180000000000000000000a3845a6b553c7ea8f9f84e745c6acad29f19ca417461900000000001864042bff00695f373ba2ff00da57cdce00000000000000000003d594fd51ce3dde5eace3ea8e71ee0fa26586400000000000011b14a72b4cf8c44b8d5717b3ce9a6ae1394e9ba5280000000000000000000745c69ced28e79f9439d4708b2d6aab84651b3682a000000000000000f16d474a99a78c64f9fae99a666276c4e52fa34ec4eed9fd71b63ad1e1c412c0000000000000000066217aeb63d0a6237ed9e6e0c32ed9cf4e6348eaf8cf1550000000000000000189864047bfdcfa1f553d5ffcff004e27d24c26def0eef51ff5fd0268cd54cc4e53194f09600000000066201874dceeb3693c298db3f10dd75c3e675af48e1be7f4a945311111119446c8028a22988888ca23643d000000000000000c4b96f77da68d235ab86e8e6956d78aebdb33ca34805da2d699998898998db94bdbe72ceb9a662699ca616ee97a8b48e1546d8f9e40e8001aad6c29afad4c4f8ef70db617f6d5e557ed4c042aee5691dd99e5ab54d955f6d5fc4be8807ce7f8eafb6afe25ba9b9da4f767cf45d012acb0b9ef4c47846b3fcbbec2ed4d1d588e7b65b800001e6d2b8a63399888f12baa298999d2236a2df2f53693c298d91f20b54d513b262793d3e76ced2aa673a666394a8dd310cf2a6bca27ee8d9e60a23112c80000e5bfdebfc71a75a767847174a0deed7a75cceed91ca01aa67f3acb0003d59d734ce71394c3c80b574bf535e93a55c38f2753e6ddb76c46aa74abea8e3bc16069b1bcd15ecaa33e13a4b7000000000f1696914eb33100f6d76f6d4d119d5e51be5c36f89eea23d53f109d5d7354e7339c8375eaf555a4f0a77439c000014b0cbd7727d33f0a6f9b89cb58db1ac2fdded3a74c55c63f20da0034deebe8d9d53b349cb9ce9080b78976557a7de110000000000087459df2d29d9567cf57380a34e2b396b4c4cf84cc36462947db57e2528056ff0094a3edaff0d7562bc28e59d5fd2680ebb4c42d277c472872d554ceb3333ce580000000000056c22bce9aa33d939f289ff5292a583f7fd3f20a60039712eceaf2f78445bc4bb3abcbde110000000000000000000000000000000052c1fbfe9f94d52c1fbfe9f9053001cb897675797bc222de25d9d5e5ef08800000000000000000000000000000002960fdff004fca6a960fdff4fc829800e5c4bb3abcbde1116f12eceaf2f7844000000000000000000000000000000014b07eff00a7e5354b07effa7e414c0072e25d9d5e5ef088000000000000000000000000000000002960fdff004fcb2029000fffd9, 'Impiegato semplice', NULL, NULL, 'Ricerca', NULL, NULL, '202cb962ac59075b964b07152d234b70'),
('antonina.gelli@gmail.com', 'Antonina', 'Gelli', '1980-11-10', 0xffd8ffe000104a46494600010100000100010000ffdb0084000906070f0f10101010100e1110101010100e100f0d1010120f0f1511161616121515181d2820181a251b151321312125292b2e2e2e171f3338332d37282d2e2b010a0a0a0505050e05050e2b1913192b2b2b2b2b2b2b2b2b2b2b2b2b2b2b2b2b2b2b2b2b2b2b2b2b2b2b2b2b2b2b2b2b2b2b2b2b2b2b2b2b2b2b2b2b2b2b2b2b2bffc0001108010300c203012200021101031101ffc4001b00010100030101010000000000000000000005010304020607ffc40033100100010105040904020203000000000000010203040511213141517112323342618182b1c12252a1d191e113f11592b2ffc40014010100000000000000000000000000000000ffc40014110100000000000000000000000000000000ffda000c03010002110311003f00fd4c0000000000000000000000000000000000000000000000000000000000000000000000000000000000000000006ab6bc53475a7cb7b82d7149ee53978d5fa054626638c7f28755f6d27bd31cb468aa739ce759907d1f4a38c7f30cbe69d14df2d23bd3e7a82e895678a551d6a627c62727758dee8af64ebc274906f000000000000000000000062672026532f788eea3cea9f86bbfdf3a7f4d3d5df3f77f4e206666676b0000000003312c00efba62331a57ac71df1fb54a2a8988989ce2764be71d373bdcd9cf1a676c70f1805c1e68ae2622627389d92f4000000000000000026e2979cbe88dfd6fd3baded228a66a9dd1f9dc815d59cccced9d641e40000000000000000077e1979ca7a13b27abe12acf9b895ebadb74e98ab7ec9e60dc0000000000000027e2f6b94453c6739e5094ecc52aced32cf6444727180000000000000000000a3845a6b553c7ea8f9f84e745c6acad29f19ca417461900000000001864042bff00695f373ba2ff00da57cdce00000000000000000003d594fd51ce3dde5eace3ea8e71ee0fa26586400000000000011b14a72b4cf8c44b8d5717b3ce9a6ae1394e9ba5280000000000000000000745c69ced28e79f9439d4708b2d6aab84651b3682a000000000000000f16d474a99a78c64f9fae99a666276c4e52fa34ec4eed9fd71b63ad1e1c412c0000000000000000066217aeb63d0a6237ed9e6e0c32ed9cf4e6348eaf8cf1550000000000000000189864047bfdcfa1f553d5ffcff004e27d24c26def0eef51ff5fd0268cd54cc4e53194f09600000000066201874dceeb3693c298db3f10dd75c3e675af48e1be7f4a945311111119446c8028a22988888ca23643d000000000000000c4b96f77da68d235ab86e8e6956d78aebdb33ca34805da2d699998898998db94bdbe72ceb9a662699ca616ee97a8b48e1546d8f9e40e8001aad6c29afad4c4f8ef70db617f6d5e557ed4c042aee5691dd99e5ab54d955f6d5fc4be8807ce7f8eafb6afe25ba9b9da4f767cf45d012acb0b9ef4c47846b3fcbbec2ed4d1d588e7b65b800001e6d2b8a63399888f12baa298999d2236a2df2f53693c298d91f20b54d513b262793d3e76ced2aa673a666394a8dd310cf2a6bca27ee8d9e60a23112c80000e5bfdebfc71a75a767847174a0deed7a75cceed91ca01aa67f3acb0003d59d734ce71394c3c80b574bf535e93a55c38f2753e6ddb76c46aa74abea8e3bc16069b1bcd15ecaa33e13a4b7000000000f1696914eb33100f6d76f6d4d119d5e51be5c36f89eea23d53f109d5d7354e7339c8375eaf555a4f0a77439c000014b0cbd7727d33f0a6f9b89cb58db1ac2fdded3a74c55c63f20da0034deebe8d9d53b349cb9ce9080b78976557a7de110000000000087459df2d29d9567cf57380a34e2b396b4c4cf84cc36462947db57e2528056ff0094a3edaff0d7562bc28e59d5fd2680ebb4c42d277c472872d554ceb3333ce580000000000056c22bce9aa33d939f289ff5292a583f7fd3f20a60039712eceaf2f78445bc4bb3abcbde110000000000000000000000000000000052c1fbfe9f94d52c1fbfe9f9053001cb897675797bc222de25d9d5e5ef08800000000000000000000000000000002960fdff004fca6a960fdff4fc829800e5c4bb3abcbde1116f12eceaf2f7844000000000000000000000000000000014b07eff00a7e5354b07effa7e414c0072e25d9d5e5ef088000000000000000000000000000000002960fdff004fcb2029000fffd9, 'Direttore', '2017-05-09', 4, NULL, NULL, NULL, '202cb962ac59075b964b07152d234b70'),
('cesare.vigliotti@gmail.com', 'Cesare', 'Vigliotti', '1997-02-14', 0xffd8ffe000104a46494600010100000100010000ffdb0084000906070f0f10101010100e1110101010100e100f0d1010120f0f1511161616121515181d2820181a251b151321312125292b2e2e2e171f3338332d37282d2e2b010a0a0a0505050e05050e2b1913192b2b2b2b2b2b2b2b2b2b2b2b2b2b2b2b2b2b2b2b2b2b2b2b2b2b2b2b2b2b2b2b2b2b2b2b2b2b2b2b2b2b2b2b2b2b2b2b2b2bffc0001108010300c203012200021101031101ffc4001b00010100030101010000000000000000000005010304020607ffc40033100100010105040904020203000000000000010203040511213141517112323342618182b1c12252a1d191e113f11592b2ffc40014010100000000000000000000000000000000ffc40014110100000000000000000000000000000000ffda000c03010002110311003f00fd4c0000000000000000000000000000000000000000000000000000000000000000000000000000000000000000006ab6bc53475a7cb7b82d7149ee53978d5fa054626638c7f28755f6d27bd31cb468aa739ce759907d1f4a38c7f30cbe69d14df2d23bd3e7a82e895678a551d6a627c62727758dee8af64ebc274906f000000000000000000000062672026532f788eea3cea9f86bbfdf3a7f4d3d5df3f77f4e206666676b0000000003312c00efba62331a57ac71df1fb54a2a8988989ce2764be71d373bdcd9cf1a676c70f1805c1e68ae2622627389d92f4000000000000000026e2979cbe88dfd6fd3baded228a66a9dd1f9dc815d59cccced9d641e40000000000000000077e1979ca7a13b27abe12acf9b895ebadb74e98ab7ec9e60dc0000000000000027e2f6b94453c6739e5094ecc52aced32cf6444727180000000000000000000a3845a6b553c7ea8f9f84e745c6acad29f19ca417461900000000001864042bff00695f373ba2ff00da57cdce00000000000000000003d594fd51ce3dde5eace3ea8e71ee0fa26586400000000000011b14a72b4cf8c44b8d5717b3ce9a6ae1394e9ba5280000000000000000000745c69ced28e79f9439d4708b2d6aab84651b3682a000000000000000f16d474a99a78c64f9fae99a666276c4e52fa34ec4eed9fd71b63ad1e1c412c0000000000000000066217aeb63d0a6237ed9e6e0c32ed9cf4e6348eaf8cf1550000000000000000189864047bfdcfa1f553d5ffcff004e27d24c26def0eef51ff5fd0268cd54cc4e53194f09600000000066201874dceeb3693c298db3f10dd75c3e675af48e1be7f4a945311111119446c8028a22988888ca23643d000000000000000c4b96f77da68d235ab86e8e6956d78aebdb33ca34805da2d699998898998db94bdbe72ceb9a662699ca616ee97a8b48e1546d8f9e40e8001aad6c29afad4c4f8ef70db617f6d5e557ed4c042aee5691dd99e5ab54d955f6d5fc4be8807ce7f8eafb6afe25ba9b9da4f767cf45d012acb0b9ef4c47846b3fcbbec2ed4d1d588e7b65b800001e6d2b8a63399888f12baa298999d2236a2df2f53693c298d91f20b54d513b262793d3e76ced2aa673a666394a8dd310cf2a6bca27ee8d9e60a23112c80000e5bfdebfc71a75a767847174a0deed7a75cceed91ca01aa67f3acb0003d59d734ce71394c3c80b574bf535e93a55c38f2753e6ddb76c46aa74abea8e3bc16069b1bcd15ecaa33e13a4b7000000000f1696914eb33100f6d76f6d4d119d5e51be5c36f89eea23d53f109d5d7354e7339c8375eaf555a4f0a77439c000014b0cbd7727d33f0a6f9b89cb58db1ac2fdded3a74c55c63f20da0034deebe8d9d53b349cb9ce9080b78976557a7de110000000000087459df2d29d9567cf57380a34e2b396b4c4cf84cc36462947db57e2528056ff0094a3edaff0d7562bc28e59d5fd2680ebb4c42d277c472872d554ceb3333ce580000000000056c22bce9aa33d939f289ff5292a583f7fd3f20a60039712eceaf2f78445bc4bb3abcbde110000000000000000000000000000000052c1fbfe9f94d52c1fbfe9f9053001cb897675797bc222de25d9d5e5ef08800000000000000000000000000000002960fdff004fca6a960fdff4fc829800e5c4bb3abcbde1116f12eceaf2f7844000000000000000000000000000000014b07eff00a7e5354b07effa7e414c0072e25d9d5e5ef088000000000000000000000000000000002960fdff004fcb2029000fffd9, 'Direttore', '2020-05-11', 1, NULL, NULL, NULL, '202cb962ac59075b964b07152d234b70'),
('concetta.palmieri@gmail.com', 'Concetta', 'Palmieri', '1986-07-28', 0xffd8ffe000104a46494600010100000100010000ffdb0084000906070f0f10101010100e1110101010100e100f0d1010120f0f1511161616121515181d2820181a251b151321312125292b2e2e2e171f3338332d37282d2e2b010a0a0a0505050e05050e2b1913192b2b2b2b2b2b2b2b2b2b2b2b2b2b2b2b2b2b2b2b2b2b2b2b2b2b2b2b2b2b2b2b2b2b2b2b2b2b2b2b2b2b2b2b2b2b2b2b2b2bffc0001108010300c203012200021101031101ffc4001b00010100030101010000000000000000000005010304020607ffc40033100100010105040904020203000000000000010203040511213141517112323342618182b1c12252a1d191e113f11592b2ffc40014010100000000000000000000000000000000ffc40014110100000000000000000000000000000000ffda000c03010002110311003f00fd4c0000000000000000000000000000000000000000000000000000000000000000000000000000000000000000006ab6bc53475a7cb7b82d7149ee53978d5fa054626638c7f28755f6d27bd31cb468aa739ce759907d1f4a38c7f30cbe69d14df2d23bd3e7a82e895678a551d6a627c62727758dee8af64ebc274906f000000000000000000000062672026532f788eea3cea9f86bbfdf3a7f4d3d5df3f77f4e206666676b0000000003312c00efba62331a57ac71df1fb54a2a8988989ce2764be71d373bdcd9cf1a676c70f1805c1e68ae2622627389d92f4000000000000000026e2979cbe88dfd6fd3baded228a66a9dd1f9dc815d59cccced9d641e40000000000000000077e1979ca7a13b27abe12acf9b895ebadb74e98ab7ec9e60dc0000000000000027e2f6b94453c6739e5094ecc52aced32cf6444727180000000000000000000a3845a6b553c7ea8f9f84e745c6acad29f19ca417461900000000001864042bff00695f373ba2ff00da57cdce00000000000000000003d594fd51ce3dde5eace3ea8e71ee0fa26586400000000000011b14a72b4cf8c44b8d5717b3ce9a6ae1394e9ba5280000000000000000000745c69ced28e79f9439d4708b2d6aab84651b3682a000000000000000f16d474a99a78c64f9fae99a666276c4e52fa34ec4eed9fd71b63ad1e1c412c0000000000000000066217aeb63d0a6237ed9e6e0c32ed9cf4e6348eaf8cf1550000000000000000189864047bfdcfa1f553d5ffcff004e27d24c26def0eef51ff5fd0268cd54cc4e53194f09600000000066201874dceeb3693c298db3f10dd75c3e675af48e1be7f4a945311111119446c8028a22988888ca23643d000000000000000c4b96f77da68d235ab86e8e6956d78aebdb33ca34805da2d699998898998db94bdbe72ceb9a662699ca616ee97a8b48e1546d8f9e40e8001aad6c29afad4c4f8ef70db617f6d5e557ed4c042aee5691dd99e5ab54d955f6d5fc4be8807ce7f8eafb6afe25ba9b9da4f767cf45d012acb0b9ef4c47846b3fcbbec2ed4d1d588e7b65b800001e6d2b8a63399888f12baa298999d2236a2df2f53693c298d91f20b54d513b262793d3e76ced2aa673a666394a8dd310cf2a6bca27ee8d9e60a23112c80000e5bfdebfc71a75a767847174a0deed7a75cceed91ca01aa67f3acb0003d59d734ce71394c3c80b574bf535e93a55c38f2753e6ddb76c46aa74abea8e3bc16069b1bcd15ecaa33e13a4b7000000000f1696914eb33100f6d76f6d4d119d5e51be5c36f89eea23d53f109d5d7354e7339c8375eaf555a4f0a77439c000014b0cbd7727d33f0a6f9b89cb58db1ac2fdded3a74c55c63f20da0034deebe8d9d53b349cb9ce9080b78976557a7de110000000000087459df2d29d9567cf57380a34e2b396b4c4cf84cc36462947db57e2528056ff0094a3edaff0d7562bc28e59d5fd2680ebb4c42d277c472872d554ceb3333ce580000000000056c22bce9aa33d939f289ff5292a583f7fd3f20a60039712eceaf2f78445bc4bb3abcbde110000000000000000000000000000000052c1fbfe9f94d52c1fbfe9f9053001cb897675797bc222de25d9d5e5ef08800000000000000000000000000000002960fdff004fca6a960fdff4fc829800e5c4bb3abcbde1116f12eceaf2f7844000000000000000000000000000000014b07eff00a7e5354b07effa7e414c0072e25d9d5e5ef088000000000000000000000000000000002960fdff004fcb2029000fffd9, 'Impiegato semplice', NULL, NULL, 'Produzione', NULL, NULL, '202cb962ac59075b964b07152d234b70'),
('costantino.serra@gmail.com', 'Costantino', 'Serra', '1999-08-09', 0xffd8ffe000104a46494600010100000100010000ffdb0084000906070f0f10101010100e1110101010100e100f0d1010120f0f1511161616121515181d2820181a251b151321312125292b2e2e2e171f3338332d37282d2e2b010a0a0a0505050e05050e2b1913192b2b2b2b2b2b2b2b2b2b2b2b2b2b2b2b2b2b2b2b2b2b2b2b2b2b2b2b2b2b2b2b2b2b2b2b2b2b2b2b2b2b2b2b2b2b2b2b2b2bffc0001108010300c203012200021101031101ffc4001b00010100030101010000000000000000000005010304020607ffc40033100100010105040904020203000000000000010203040511213141517112323342618182b1c12252a1d191e113f11592b2ffc40014010100000000000000000000000000000000ffc40014110100000000000000000000000000000000ffda000c03010002110311003f00fd4c0000000000000000000000000000000000000000000000000000000000000000000000000000000000000000006ab6bc53475a7cb7b82d7149ee53978d5fa054626638c7f28755f6d27bd31cb468aa739ce759907d1f4a38c7f30cbe69d14df2d23bd3e7a82e895678a551d6a627c62727758dee8af64ebc274906f000000000000000000000062672026532f788eea3cea9f86bbfdf3a7f4d3d5df3f77f4e206666676b0000000003312c00efba62331a57ac71df1fb54a2a8988989ce2764be71d373bdcd9cf1a676c70f1805c1e68ae2622627389d92f4000000000000000026e2979cbe88dfd6fd3baded228a66a9dd1f9dc815d59cccced9d641e40000000000000000077e1979ca7a13b27abe12acf9b895ebadb74e98ab7ec9e60dc0000000000000027e2f6b94453c6739e5094ecc52aced32cf6444727180000000000000000000a3845a6b553c7ea8f9f84e745c6acad29f19ca417461900000000001864042bff00695f373ba2ff00da57cdce00000000000000000003d594fd51ce3dde5eace3ea8e71ee0fa26586400000000000011b14a72b4cf8c44b8d5717b3ce9a6ae1394e9ba5280000000000000000000745c69ced28e79f9439d4708b2d6aab84651b3682a000000000000000f16d474a99a78c64f9fae99a666276c4e52fa34ec4eed9fd71b63ad1e1c412c0000000000000000066217aeb63d0a6237ed9e6e0c32ed9cf4e6348eaf8cf1550000000000000000189864047bfdcfa1f553d5ffcff004e27d24c26def0eef51ff5fd0268cd54cc4e53194f09600000000066201874dceeb3693c298db3f10dd75c3e675af48e1be7f4a945311111119446c8028a22988888ca23643d000000000000000c4b96f77da68d235ab86e8e6956d78aebdb33ca34805da2d699998898998db94bdbe72ceb9a662699ca616ee97a8b48e1546d8f9e40e8001aad6c29afad4c4f8ef70db617f6d5e557ed4c042aee5691dd99e5ab54d955f6d5fc4be8807ce7f8eafb6afe25ba9b9da4f767cf45d012acb0b9ef4c47846b3fcbbec2ed4d1d588e7b65b800001e6d2b8a63399888f12baa298999d2236a2df2f53693c298d91f20b54d513b262793d3e76ced2aa673a666394a8dd310cf2a6bca27ee8d9e60a23112c80000e5bfdebfc71a75a767847174a0deed7a75cceed91ca01aa67f3acb0003d59d734ce71394c3c80b574bf535e93a55c38f2753e6ddb76c46aa74abea8e3bc16069b1bcd15ecaa33e13a4b7000000000f1696914eb33100f6d76f6d4d119d5e51be5c36f89eea23d53f109d5d7354e7339c8375eaf555a4f0a77439c000014b0cbd7727d33f0a6f9b89cb58db1ac2fdded3a74c55c63f20da0034deebe8d9d53b349cb9ce9080b78976557a7de110000000000087459df2d29d9567cf57380a34e2b396b4c4cf84cc36462947db57e2528056ff0094a3edaff0d7562bc28e59d5fd2680ebb4c42d277c472872d554ceb3333ce580000000000056c22bce9aa33d939f289ff5292a583f7fd3f20a60039712eceaf2f78445bc4bb3abcbde110000000000000000000000000000000052c1fbfe9f94d52c1fbfe9f9053001cb897675797bc222de25d9d5e5ef08800000000000000000000000000000002960fdff004fca6a960fdff4fc829800e5c4bb3abcbde1116f12eceaf2f7844000000000000000000000000000000014b07eff00a7e5354b07effa7e414c0072e25d9d5e5ef088000000000000000000000000000000002960fdff004fcb2029000fffd9, 'Impiegato semplice', NULL, NULL, 'Marketing', NULL, NULL, '202cb962ac59075b964b07152d234b70'),
('domiziano.bernardi@gmail.com', 'Domiziano', 'Bernardi', '1992-06-13', 0xffd8ffe000104a46494600010100000100010000ffdb0084000906070f0f10101010100e1110101010100e100f0d1010120f0f1511161616121515181d2820181a251b151321312125292b2e2e2e171f3338332d37282d2e2b010a0a0a0505050e05050e2b1913192b2b2b2b2b2b2b2b2b2b2b2b2b2b2b2b2b2b2b2b2b2b2b2b2b2b2b2b2b2b2b2b2b2b2b2b2b2b2b2b2b2b2b2b2b2b2b2b2b2bffc0001108010300c203012200021101031101ffc4001b00010100030101010000000000000000000005010304020607ffc40033100100010105040904020203000000000000010203040511213141517112323342618182b1c12252a1d191e113f11592b2ffc40014010100000000000000000000000000000000ffc40014110100000000000000000000000000000000ffda000c03010002110311003f00fd4c0000000000000000000000000000000000000000000000000000000000000000000000000000000000000000006ab6bc53475a7cb7b82d7149ee53978d5fa054626638c7f28755f6d27bd31cb468aa739ce759907d1f4a38c7f30cbe69d14df2d23bd3e7a82e895678a551d6a627c62727758dee8af64ebc274906f000000000000000000000062672026532f788eea3cea9f86bbfdf3a7f4d3d5df3f77f4e206666676b0000000003312c00efba62331a57ac71df1fb54a2a8988989ce2764be71d373bdcd9cf1a676c70f1805c1e68ae2622627389d92f4000000000000000026e2979cbe88dfd6fd3baded228a66a9dd1f9dc815d59cccced9d641e40000000000000000077e1979ca7a13b27abe12acf9b895ebadb74e98ab7ec9e60dc0000000000000027e2f6b94453c6739e5094ecc52aced32cf6444727180000000000000000000a3845a6b553c7ea8f9f84e745c6acad29f19ca417461900000000001864042bff00695f373ba2ff00da57cdce00000000000000000003d594fd51ce3dde5eace3ea8e71ee0fa26586400000000000011b14a72b4cf8c44b8d5717b3ce9a6ae1394e9ba5280000000000000000000745c69ced28e79f9439d4708b2d6aab84651b3682a000000000000000f16d474a99a78c64f9fae99a666276c4e52fa34ec4eed9fd71b63ad1e1c412c0000000000000000066217aeb63d0a6237ed9e6e0c32ed9cf4e6348eaf8cf1550000000000000000189864047bfdcfa1f553d5ffcff004e27d24c26def0eef51ff5fd0268cd54cc4e53194f09600000000066201874dceeb3693c298db3f10dd75c3e675af48e1be7f4a945311111119446c8028a22988888ca23643d000000000000000c4b96f77da68d235ab86e8e6956d78aebdb33ca34805da2d699998898998db94bdbe72ceb9a662699ca616ee97a8b48e1546d8f9e40e8001aad6c29afad4c4f8ef70db617f6d5e557ed4c042aee5691dd99e5ab54d955f6d5fc4be8807ce7f8eafb6afe25ba9b9da4f767cf45d012acb0b9ef4c47846b3fcbbec2ed4d1d588e7b65b800001e6d2b8a63399888f12baa298999d2236a2df2f53693c298d91f20b54d513b262793d3e76ced2aa673a666394a8dd310cf2a6bca27ee8d9e60a23112c80000e5bfdebfc71a75a767847174a0deed7a75cceed91ca01aa67f3acb0003d59d734ce71394c3c80b574bf535e93a55c38f2753e6ddb76c46aa74abea8e3bc16069b1bcd15ecaa33e13a4b7000000000f1696914eb33100f6d76f6d4d119d5e51be5c36f89eea23d53f109d5d7354e7339c8375eaf555a4f0a77439c000014b0cbd7727d33f0a6f9b89cb58db1ac2fdded3a74c55c63f20da0034deebe8d9d53b349cb9ce9080b78976557a7de110000000000087459df2d29d9567cf57380a34e2b396b4c4cf84cc36462947db57e2528056ff0094a3edaff0d7562bc28e59d5fd2680ebb4c42d277c472872d554ceb3333ce580000000000056c22bce9aa33d939f289ff5292a583f7fd3f20a60039712eceaf2f78445bc4bb3abcbde110000000000000000000000000000000052c1fbfe9f94d52c1fbfe9f9053001cb897675797bc222de25d9d5e5ef08800000000000000000000000000000002960fdff004fca6a960fdff4fc829800e5c4bb3abcbde1116f12eceaf2f7844000000000000000000000000000000014b07eff00a7e5354b07effa7e414c0072e25d9d5e5ef088000000000000000000000000000000002960fdff004fcb2029000fffd9, 'Impiegato semplice', NULL, NULL, 'Risorse umane', NULL, NULL, '202cb962ac59075b964b07152d234b70'),
('elladio.montessori@gmail.com', 'Elladio', 'Montessori', '1979-01-04', 0xffd8ffe000104a46494600010100000100010000ffdb0084000906070f0f10101010100e1110101010100e100f0d1010120f0f1511161616121515181d2820181a251b151321312125292b2e2e2e171f3338332d37282d2e2b010a0a0a0505050e05050e2b1913192b2b2b2b2b2b2b2b2b2b2b2b2b2b2b2b2b2b2b2b2b2b2b2b2b2b2b2b2b2b2b2b2b2b2b2b2b2b2b2b2b2b2b2b2b2b2b2b2b2bffc0001108010300c203012200021101031101ffc4001b00010100030101010000000000000000000005010304020607ffc40033100100010105040904020203000000000000010203040511213141517112323342618182b1c12252a1d191e113f11592b2ffc40014010100000000000000000000000000000000ffc40014110100000000000000000000000000000000ffda000c03010002110311003f00fd4c0000000000000000000000000000000000000000000000000000000000000000000000000000000000000000006ab6bc53475a7cb7b82d7149ee53978d5fa054626638c7f28755f6d27bd31cb468aa739ce759907d1f4a38c7f30cbe69d14df2d23bd3e7a82e895678a551d6a627c62727758dee8af64ebc274906f000000000000000000000062672026532f788eea3cea9f86bbfdf3a7f4d3d5df3f77f4e206666676b0000000003312c00efba62331a57ac71df1fb54a2a8988989ce2764be71d373bdcd9cf1a676c70f1805c1e68ae2622627389d92f4000000000000000026e2979cbe88dfd6fd3baded228a66a9dd1f9dc815d59cccced9d641e40000000000000000077e1979ca7a13b27abe12acf9b895ebadb74e98ab7ec9e60dc0000000000000027e2f6b94453c6739e5094ecc52aced32cf6444727180000000000000000000a3845a6b553c7ea8f9f84e745c6acad29f19ca417461900000000001864042bff00695f373ba2ff00da57cdce00000000000000000003d594fd51ce3dde5eace3ea8e71ee0fa26586400000000000011b14a72b4cf8c44b8d5717b3ce9a6ae1394e9ba5280000000000000000000745c69ced28e79f9439d4708b2d6aab84651b3682a000000000000000f16d474a99a78c64f9fae99a666276c4e52fa34ec4eed9fd71b63ad1e1c412c0000000000000000066217aeb63d0a6237ed9e6e0c32ed9cf4e6348eaf8cf1550000000000000000189864047bfdcfa1f553d5ffcff004e27d24c26def0eef51ff5fd0268cd54cc4e53194f09600000000066201874dceeb3693c298db3f10dd75c3e675af48e1be7f4a945311111119446c8028a22988888ca23643d000000000000000c4b96f77da68d235ab86e8e6956d78aebdb33ca34805da2d699998898998db94bdbe72ceb9a662699ca616ee97a8b48e1546d8f9e40e8001aad6c29afad4c4f8ef70db617f6d5e557ed4c042aee5691dd99e5ab54d955f6d5fc4be8807ce7f8eafb6afe25ba9b9da4f767cf45d012acb0b9ef4c47846b3fcbbec2ed4d1d588e7b65b800001e6d2b8a63399888f12baa298999d2236a2df2f53693c298d91f20b54d513b262793d3e76ced2aa673a666394a8dd310cf2a6bca27ee8d9e60a23112c80000e5bfdebfc71a75a767847174a0deed7a75cceed91ca01aa67f3acb0003d59d734ce71394c3c80b574bf535e93a55c38f2753e6ddb76c46aa74abea8e3bc16069b1bcd15ecaa33e13a4b7000000000f1696914eb33100f6d76f6d4d119d5e51be5c36f89eea23d53f109d5d7354e7339c8375eaf555a4f0a77439c000014b0cbd7727d33f0a6f9b89cb58db1ac2fdded3a74c55c63f20da0034deebe8d9d53b349cb9ce9080b78976557a7de110000000000087459df2d29d9567cf57380a34e2b396b4c4cf84cc36462947db57e2528056ff0094a3edaff0d7562bc28e59d5fd2680ebb4c42d277c472872d554ceb3333ce580000000000056c22bce9aa33d939f289ff5292a583f7fd3f20a60039712eceaf2f78445bc4bb3abcbde110000000000000000000000000000000052c1fbfe9f94d52c1fbfe9f9053001cb897675797bc222de25d9d5e5ef08800000000000000000000000000000002960fdff004fca6a960fdff4fc829800e5c4bb3abcbde1116f12eceaf2f7844000000000000000000000000000000014b07eff00a7e5354b07effa7e414c0072e25d9d5e5ef088000000000000000000000000000000002960fdff004fcb2029000fffd9, 'Capo settore', NULL, NULL, 'Contabilità', 'cesare.vigliotti@gmail.com', '2004-03-10', '202cb962ac59075b964b07152d234b70'),
('giancarlo.scotti@gmail.com', 'Giancarlo', 'Scotti', '1975-04-26', 0xffd8ffe000104a46494600010100000100010000ffdb0084000906070f0f10101010100e1110101010100e100f0d1010120f0f1511161616121515181d2820181a251b151321312125292b2e2e2e171f3338332d37282d2e2b010a0a0a0505050e05050e2b1913192b2b2b2b2b2b2b2b2b2b2b2b2b2b2b2b2b2b2b2b2b2b2b2b2b2b2b2b2b2b2b2b2b2b2b2b2b2b2b2b2b2b2b2b2b2b2b2b2b2bffc0001108010300c203012200021101031101ffc4001b00010100030101010000000000000000000005010304020607ffc40033100100010105040904020203000000000000010203040511213141517112323342618182b1c12252a1d191e113f11592b2ffc40014010100000000000000000000000000000000ffc40014110100000000000000000000000000000000ffda000c03010002110311003f00fd4c0000000000000000000000000000000000000000000000000000000000000000000000000000000000000000006ab6bc53475a7cb7b82d7149ee53978d5fa054626638c7f28755f6d27bd31cb468aa739ce759907d1f4a38c7f30cbe69d14df2d23bd3e7a82e895678a551d6a627c62727758dee8af64ebc274906f000000000000000000000062672026532f788eea3cea9f86bbfdf3a7f4d3d5df3f77f4e206666676b0000000003312c00efba62331a57ac71df1fb54a2a8988989ce2764be71d373bdcd9cf1a676c70f1805c1e68ae2622627389d92f4000000000000000026e2979cbe88dfd6fd3baded228a66a9dd1f9dc815d59cccced9d641e40000000000000000077e1979ca7a13b27abe12acf9b895ebadb74e98ab7ec9e60dc0000000000000027e2f6b94453c6739e5094ecc52aced32cf6444727180000000000000000000a3845a6b553c7ea8f9f84e745c6acad29f19ca417461900000000001864042bff00695f373ba2ff00da57cdce00000000000000000003d594fd51ce3dde5eace3ea8e71ee0fa26586400000000000011b14a72b4cf8c44b8d5717b3ce9a6ae1394e9ba5280000000000000000000745c69ced28e79f9439d4708b2d6aab84651b3682a000000000000000f16d474a99a78c64f9fae99a666276c4e52fa34ec4eed9fd71b63ad1e1c412c0000000000000000066217aeb63d0a6237ed9e6e0c32ed9cf4e6348eaf8cf1550000000000000000189864047bfdcfa1f553d5ffcff004e27d24c26def0eef51ff5fd0268cd54cc4e53194f09600000000066201874dceeb3693c298db3f10dd75c3e675af48e1be7f4a945311111119446c8028a22988888ca23643d000000000000000c4b96f77da68d235ab86e8e6956d78aebdb33ca34805da2d699998898998db94bdbe72ceb9a662699ca616ee97a8b48e1546d8f9e40e8001aad6c29afad4c4f8ef70db617f6d5e557ed4c042aee5691dd99e5ab54d955f6d5fc4be8807ce7f8eafb6afe25ba9b9da4f767cf45d012acb0b9ef4c47846b3fcbbec2ed4d1d588e7b65b800001e6d2b8a63399888f12baa298999d2236a2df2f53693c298d91f20b54d513b262793d3e76ced2aa673a666394a8dd310cf2a6bca27ee8d9e60a23112c80000e5bfdebfc71a75a767847174a0deed7a75cceed91ca01aa67f3acb0003d59d734ce71394c3c80b574bf535e93a55c38f2753e6ddb76c46aa74abea8e3bc16069b1bcd15ecaa33e13a4b7000000000f1696914eb33100f6d76f6d4d119d5e51be5c36f89eea23d53f109d5d7354e7339c8375eaf555a4f0a77439c000014b0cbd7727d33f0a6f9b89cb58db1ac2fdded3a74c55c63f20da0034deebe8d9d53b349cb9ce9080b78976557a7de110000000000087459df2d29d9567cf57380a34e2b396b4c4cf84cc36462947db57e2528056ff0094a3edaff0d7562bc28e59d5fd2680ebb4c42d277c472872d554ceb3333ce580000000000056c22bce9aa33d939f289ff5292a583f7fd3f20a60039712eceaf2f78445bc4bb3abcbde110000000000000000000000000000000052c1fbfe9f94d52c1fbfe9f9053001cb897675797bc222de25d9d5e5ef08800000000000000000000000000000002960fdff004fca6a960fdff4fc829800e5c4bb3abcbde1116f12eceaf2f7844000000000000000000000000000000014b07eff00a7e5354b07effa7e414c0072e25d9d5e5ef088000000000000000000000000000000002960fdff004fcb2029000fffd9, 'Direttore', '2016-02-01', 5, NULL, NULL, NULL, '202cb962ac59075b964b07152d234b70'),
('graziella.natta@gmail.com', 'Graziella', 'Natta', '1993-08-20', 0xffd8ffe000104a46494600010100000100010000ffdb0084000906070f0f10101010100e1110101010100e100f0d1010120f0f1511161616121515181d2820181a251b151321312125292b2e2e2e171f3338332d37282d2e2b010a0a0a0505050e05050e2b1913192b2b2b2b2b2b2b2b2b2b2b2b2b2b2b2b2b2b2b2b2b2b2b2b2b2b2b2b2b2b2b2b2b2b2b2b2b2b2b2b2b2b2b2b2b2b2b2b2b2bffc0001108010300c203012200021101031101ffc4001b00010100030101010000000000000000000005010304020607ffc40033100100010105040904020203000000000000010203040511213141517112323342618182b1c12252a1d191e113f11592b2ffc40014010100000000000000000000000000000000ffc40014110100000000000000000000000000000000ffda000c03010002110311003f00fd4c0000000000000000000000000000000000000000000000000000000000000000000000000000000000000000006ab6bc53475a7cb7b82d7149ee53978d5fa054626638c7f28755f6d27bd31cb468aa739ce759907d1f4a38c7f30cbe69d14df2d23bd3e7a82e895678a551d6a627c62727758dee8af64ebc274906f000000000000000000000062672026532f788eea3cea9f86bbfdf3a7f4d3d5df3f77f4e206666676b0000000003312c00efba62331a57ac71df1fb54a2a8988989ce2764be71d373bdcd9cf1a676c70f1805c1e68ae2622627389d92f4000000000000000026e2979cbe88dfd6fd3baded228a66a9dd1f9dc815d59cccced9d641e40000000000000000077e1979ca7a13b27abe12acf9b895ebadb74e98ab7ec9e60dc0000000000000027e2f6b94453c6739e5094ecc52aced32cf6444727180000000000000000000a3845a6b553c7ea8f9f84e745c6acad29f19ca417461900000000001864042bff00695f373ba2ff00da57cdce00000000000000000003d594fd51ce3dde5eace3ea8e71ee0fa26586400000000000011b14a72b4cf8c44b8d5717b3ce9a6ae1394e9ba5280000000000000000000745c69ced28e79f9439d4708b2d6aab84651b3682a000000000000000f16d474a99a78c64f9fae99a666276c4e52fa34ec4eed9fd71b63ad1e1c412c0000000000000000066217aeb63d0a6237ed9e6e0c32ed9cf4e6348eaf8cf1550000000000000000189864047bfdcfa1f553d5ffcff004e27d24c26def0eef51ff5fd0268cd54cc4e53194f09600000000066201874dceeb3693c298db3f10dd75c3e675af48e1be7f4a945311111119446c8028a22988888ca23643d000000000000000c4b96f77da68d235ab86e8e6956d78aebdb33ca34805da2d699998898998db94bdbe72ceb9a662699ca616ee97a8b48e1546d8f9e40e8001aad6c29afad4c4f8ef70db617f6d5e557ed4c042aee5691dd99e5ab54d955f6d5fc4be8807ce7f8eafb6afe25ba9b9da4f767cf45d012acb0b9ef4c47846b3fcbbec2ed4d1d588e7b65b800001e6d2b8a63399888f12baa298999d2236a2df2f53693c298d91f20b54d513b262793d3e76ced2aa673a666394a8dd310cf2a6bca27ee8d9e60a23112c80000e5bfdebfc71a75a767847174a0deed7a75cceed91ca01aa67f3acb0003d59d734ce71394c3c80b574bf535e93a55c38f2753e6ddb76c46aa74abea8e3bc16069b1bcd15ecaa33e13a4b7000000000f1696914eb33100f6d76f6d4d119d5e51be5c36f89eea23d53f109d5d7354e7339c8375eaf555a4f0a77439c000014b0cbd7727d33f0a6f9b89cb58db1ac2fdded3a74c55c63f20da0034deebe8d9d53b349cb9ce9080b78976557a7de110000000000087459df2d29d9567cf57380a34e2b396b4c4cf84cc36462947db57e2528056ff0094a3edaff0d7562bc28e59d5fd2680ebb4c42d277c472872d554ceb3333ce580000000000056c22bce9aa33d939f289ff5292a583f7fd3f20a60039712eceaf2f78445bc4bb3abcbde110000000000000000000000000000000052c1fbfe9f94d52c1fbfe9f9053001cb897675797bc222de25d9d5e5ef08800000000000000000000000000000002960fdff004fca6a960fdff4fc829800e5c4bb3abcbde1116f12eceaf2f7844000000000000000000000000000000014b07eff00a7e5354b07effa7e414c0072e25d9d5e5ef088000000000000000000000000000000002960fdff004fcb2029000fffd9, 'Direttore', '2019-07-01', 2, NULL, NULL, NULL, '202cb962ac59075b964b07152d234b70'),
('irene.martini@gmail.com', 'Irene', 'Martini', '1983-04-28', 0xffd8ffe000104a46494600010100000100010000ffdb0084000906070f0f10101010100e1110101010100e100f0d1010120f0f1511161616121515181d2820181a251b151321312125292b2e2e2e171f3338332d37282d2e2b010a0a0a0505050e05050e2b1913192b2b2b2b2b2b2b2b2b2b2b2b2b2b2b2b2b2b2b2b2b2b2b2b2b2b2b2b2b2b2b2b2b2b2b2b2b2b2b2b2b2b2b2b2b2b2b2b2b2bffc0001108010300c203012200021101031101ffc4001b00010100030101010000000000000000000005010304020607ffc40033100100010105040904020203000000000000010203040511213141517112323342618182b1c12252a1d191e113f11592b2ffc40014010100000000000000000000000000000000ffc40014110100000000000000000000000000000000ffda000c03010002110311003f00fd4c0000000000000000000000000000000000000000000000000000000000000000000000000000000000000000006ab6bc53475a7cb7b82d7149ee53978d5fa054626638c7f28755f6d27bd31cb468aa739ce759907d1f4a38c7f30cbe69d14df2d23bd3e7a82e895678a551d6a627c62727758dee8af64ebc274906f000000000000000000000062672026532f788eea3cea9f86bbfdf3a7f4d3d5df3f77f4e206666676b0000000003312c00efba62331a57ac71df1fb54a2a8988989ce2764be71d373bdcd9cf1a676c70f1805c1e68ae2622627389d92f4000000000000000026e2979cbe88dfd6fd3baded228a66a9dd1f9dc815d59cccced9d641e40000000000000000077e1979ca7a13b27abe12acf9b895ebadb74e98ab7ec9e60dc0000000000000027e2f6b94453c6739e5094ecc52aced32cf6444727180000000000000000000a3845a6b553c7ea8f9f84e745c6acad29f19ca417461900000000001864042bff00695f373ba2ff00da57cdce00000000000000000003d594fd51ce3dde5eace3ea8e71ee0fa26586400000000000011b14a72b4cf8c44b8d5717b3ce9a6ae1394e9ba5280000000000000000000745c69ced28e79f9439d4708b2d6aab84651b3682a000000000000000f16d474a99a78c64f9fae99a666276c4e52fa34ec4eed9fd71b63ad1e1c412c0000000000000000066217aeb63d0a6237ed9e6e0c32ed9cf4e6348eaf8cf1550000000000000000189864047bfdcfa1f553d5ffcff004e27d24c26def0eef51ff5fd0268cd54cc4e53194f09600000000066201874dceeb3693c298db3f10dd75c3e675af48e1be7f4a945311111119446c8028a22988888ca23643d000000000000000c4b96f77da68d235ab86e8e6956d78aebdb33ca34805da2d699998898998db94bdbe72ceb9a662699ca616ee97a8b48e1546d8f9e40e8001aad6c29afad4c4f8ef70db617f6d5e557ed4c042aee5691dd99e5ab54d955f6d5fc4be8807ce7f8eafb6afe25ba9b9da4f767cf45d012acb0b9ef4c47846b3fcbbec2ed4d1d588e7b65b800001e6d2b8a63399888f12baa298999d2236a2df2f53693c298d91f20b54d513b262793d3e76ced2aa673a666394a8dd310cf2a6bca27ee8d9e60a23112c80000e5bfdebfc71a75a767847174a0deed7a75cceed91ca01aa67f3acb0003d59d734ce71394c3c80b574bf535e93a55c38f2753e6ddb76c46aa74abea8e3bc16069b1bcd15ecaa33e13a4b7000000000f1696914eb33100f6d76f6d4d119d5e51be5c36f89eea23d53f109d5d7354e7339c8375eaf555a4f0a77439c000014b0cbd7727d33f0a6f9b89cb58db1ac2fdded3a74c55c63f20da0034deebe8d9d53b349cb9ce9080b78976557a7de110000000000087459df2d29d9567cf57380a34e2b396b4c4cf84cc36462947db57e2528056ff0094a3edaff0d7562bc28e59d5fd2680ebb4c42d277c472872d554ceb3333ce580000000000056c22bce9aa33d939f289ff5292a583f7fd3f20a60039712eceaf2f78445bc4bb3abcbde110000000000000000000000000000000052c1fbfe9f94d52c1fbfe9f9053001cb897675797bc222de25d9d5e5ef08800000000000000000000000000000002960fdff004fca6a960fdff4fc829800e5c4bb3abcbde1116f12eceaf2f7844000000000000000000000000000000014b07eff00a7e5354b07effa7e414c0072e25d9d5e5ef088000000000000000000000000000000002960fdff004fcb2029000fffd9, 'Impiegato semplice', NULL, NULL, 'Contabilità', NULL, NULL, '202cb962ac59075b964b07152d234b70');
INSERT INTO `lavoratore` (`email`, `nome`, `cognome`, `data_di_nascita`, `foto`, `ruolo`, `data_assunzione`, `anni_servizio`, `nome_dipartimento`, `dirigente_autorizzante`, `data_autorizzazione`, `user_password`) VALUES
('ivo.sauli@gmail.com', 'Ivo', 'Sauli', '1977-07-07', 0xffd8ffe000104a46494600010100000100010000ffdb0084000906070f0f10101010100e1110101010100e100f0d1010120f0f1511161616121515181d2820181a251b151321312125292b2e2e2e171f3338332d37282d2e2b010a0a0a0505050e05050e2b1913192b2b2b2b2b2b2b2b2b2b2b2b2b2b2b2b2b2b2b2b2b2b2b2b2b2b2b2b2b2b2b2b2b2b2b2b2b2b2b2b2b2b2b2b2b2b2b2b2b2bffc0001108010300c203012200021101031101ffc4001b00010100030101010000000000000000000005010304020607ffc40033100100010105040904020203000000000000010203040511213141517112323342618182b1c12252a1d191e113f11592b2ffc40014010100000000000000000000000000000000ffc40014110100000000000000000000000000000000ffda000c03010002110311003f00fd4c0000000000000000000000000000000000000000000000000000000000000000000000000000000000000000006ab6bc53475a7cb7b82d7149ee53978d5fa054626638c7f28755f6d27bd31cb468aa739ce759907d1f4a38c7f30cbe69d14df2d23bd3e7a82e895678a551d6a627c62727758dee8af64ebc274906f000000000000000000000062672026532f788eea3cea9f86bbfdf3a7f4d3d5df3f77f4e206666676b0000000003312c00efba62331a57ac71df1fb54a2a8988989ce2764be71d373bdcd9cf1a676c70f1805c1e68ae2622627389d92f4000000000000000026e2979cbe88dfd6fd3baded228a66a9dd1f9dc815d59cccced9d641e40000000000000000077e1979ca7a13b27abe12acf9b895ebadb74e98ab7ec9e60dc0000000000000027e2f6b94453c6739e5094ecc52aced32cf6444727180000000000000000000a3845a6b553c7ea8f9f84e745c6acad29f19ca417461900000000001864042bff00695f373ba2ff00da57cdce00000000000000000003d594fd51ce3dde5eace3ea8e71ee0fa26586400000000000011b14a72b4cf8c44b8d5717b3ce9a6ae1394e9ba5280000000000000000000745c69ced28e79f9439d4708b2d6aab84651b3682a000000000000000f16d474a99a78c64f9fae99a666276c4e52fa34ec4eed9fd71b63ad1e1c412c0000000000000000066217aeb63d0a6237ed9e6e0c32ed9cf4e6348eaf8cf1550000000000000000189864047bfdcfa1f553d5ffcff004e27d24c26def0eef51ff5fd0268cd54cc4e53194f09600000000066201874dceeb3693c298db3f10dd75c3e675af48e1be7f4a945311111119446c8028a22988888ca23643d000000000000000c4b96f77da68d235ab86e8e6956d78aebdb33ca34805da2d699998898998db94bdbe72ceb9a662699ca616ee97a8b48e1546d8f9e40e8001aad6c29afad4c4f8ef70db617f6d5e557ed4c042aee5691dd99e5ab54d955f6d5fc4be8807ce7f8eafb6afe25ba9b9da4f767cf45d012acb0b9ef4c47846b3fcbbec2ed4d1d588e7b65b800001e6d2b8a63399888f12baa298999d2236a2df2f53693c298d91f20b54d513b262793d3e76ced2aa673a666394a8dd310cf2a6bca27ee8d9e60a23112c80000e5bfdebfc71a75a767847174a0deed7a75cceed91ca01aa67f3acb0003d59d734ce71394c3c80b574bf535e93a55c38f2753e6ddb76c46aa74abea8e3bc16069b1bcd15ecaa33e13a4b7000000000f1696914eb33100f6d76f6d4d119d5e51be5c36f89eea23d53f109d5d7354e7339c8375eaf555a4f0a77439c000014b0cbd7727d33f0a6f9b89cb58db1ac2fdded3a74c55c63f20da0034deebe8d9d53b349cb9ce9080b78976557a7de110000000000087459df2d29d9567cf57380a34e2b396b4c4cf84cc36462947db57e2528056ff0094a3edaff0d7562bc28e59d5fd2680ebb4c42d277c472872d554ceb3333ce580000000000056c22bce9aa33d939f289ff5292a583f7fd3f20a60039712eceaf2f78445bc4bb3abcbde110000000000000000000000000000000052c1fbfe9f94d52c1fbfe9f9053001cb897675797bc222de25d9d5e5ef08800000000000000000000000000000002960fdff004fca6a960fdff4fc829800e5c4bb3abcbde1116f12eceaf2f7844000000000000000000000000000000014b07eff00a7e5354b07effa7e414c0072e25d9d5e5ef088000000000000000000000000000000002960fdff004fcb2029000fffd9, 'Capo settore', NULL, NULL, 'Risorse umane', 'graziella.natta@gmail.com', '2005-05-08', '202cb962ac59075b964b07152d234b70'),
('marcello.bettin@gmail.com', 'Marcello', 'Bettin', '1997-07-21', 0xffd8ffe000104a46494600010100000100010000ffdb0084000906070f0f10101010100e1110101010100e100f0d1010120f0f1511161616121515181d2820181a251b151321312125292b2e2e2e171f3338332d37282d2e2b010a0a0a0505050e05050e2b1913192b2b2b2b2b2b2b2b2b2b2b2b2b2b2b2b2b2b2b2b2b2b2b2b2b2b2b2b2b2b2b2b2b2b2b2b2b2b2b2b2b2b2b2b2b2b2b2b2b2bffc0001108010300c203012200021101031101ffc4001b00010100030101010000000000000000000005010304020607ffc40033100100010105040904020203000000000000010203040511213141517112323342618182b1c12252a1d191e113f11592b2ffc40014010100000000000000000000000000000000ffc40014110100000000000000000000000000000000ffda000c03010002110311003f00fd4c0000000000000000000000000000000000000000000000000000000000000000000000000000000000000000006ab6bc53475a7cb7b82d7149ee53978d5fa054626638c7f28755f6d27bd31cb468aa739ce759907d1f4a38c7f30cbe69d14df2d23bd3e7a82e895678a551d6a627c62727758dee8af64ebc274906f000000000000000000000062672026532f788eea3cea9f86bbfdf3a7f4d3d5df3f77f4e206666676b0000000003312c00efba62331a57ac71df1fb54a2a8988989ce2764be71d373bdcd9cf1a676c70f1805c1e68ae2622627389d92f4000000000000000026e2979cbe88dfd6fd3baded228a66a9dd1f9dc815d59cccced9d641e40000000000000000077e1979ca7a13b27abe12acf9b895ebadb74e98ab7ec9e60dc0000000000000027e2f6b94453c6739e5094ecc52aced32cf6444727180000000000000000000a3845a6b553c7ea8f9f84e745c6acad29f19ca417461900000000001864042bff00695f373ba2ff00da57cdce00000000000000000003d594fd51ce3dde5eace3ea8e71ee0fa26586400000000000011b14a72b4cf8c44b8d5717b3ce9a6ae1394e9ba5280000000000000000000745c69ced28e79f9439d4708b2d6aab84651b3682a000000000000000f16d474a99a78c64f9fae99a666276c4e52fa34ec4eed9fd71b63ad1e1c412c0000000000000000066217aeb63d0a6237ed9e6e0c32ed9cf4e6348eaf8cf1550000000000000000189864047bfdcfa1f553d5ffcff004e27d24c26def0eef51ff5fd0268cd54cc4e53194f09600000000066201874dceeb3693c298db3f10dd75c3e675af48e1be7f4a945311111119446c8028a22988888ca23643d000000000000000c4b96f77da68d235ab86e8e6956d78aebdb33ca34805da2d699998898998db94bdbe72ceb9a662699ca616ee97a8b48e1546d8f9e40e8001aad6c29afad4c4f8ef70db617f6d5e557ed4c042aee5691dd99e5ab54d955f6d5fc4be8807ce7f8eafb6afe25ba9b9da4f767cf45d012acb0b9ef4c47846b3fcbbec2ed4d1d588e7b65b800001e6d2b8a63399888f12baa298999d2236a2df2f53693c298d91f20b54d513b262793d3e76ced2aa673a666394a8dd310cf2a6bca27ee8d9e60a23112c80000e5bfdebfc71a75a767847174a0deed7a75cceed91ca01aa67f3acb0003d59d734ce71394c3c80b574bf535e93a55c38f2753e6ddb76c46aa74abea8e3bc16069b1bcd15ecaa33e13a4b7000000000f1696914eb33100f6d76f6d4d119d5e51be5c36f89eea23d53f109d5d7354e7339c8375eaf555a4f0a77439c000014b0cbd7727d33f0a6f9b89cb58db1ac2fdded3a74c55c63f20da0034deebe8d9d53b349cb9ce9080b78976557a7de110000000000087459df2d29d9567cf57380a34e2b396b4c4cf84cc36462947db57e2528056ff0094a3edaff0d7562bc28e59d5fd2680ebb4c42d277c472872d554ceb3333ce580000000000056c22bce9aa33d939f289ff5292a583f7fd3f20a60039712eceaf2f78445bc4bb3abcbde110000000000000000000000000000000052c1fbfe9f94d52c1fbfe9f9053001cb897675797bc222de25d9d5e5ef08800000000000000000000000000000002960fdff004fca6a960fdff4fc829800e5c4bb3abcbde1116f12eceaf2f7844000000000000000000000000000000014b07eff00a7e5354b07effa7e414c0072e25d9d5e5ef088000000000000000000000000000000002960fdff004fcb2029000fffd9, 'Impiegato semplice', NULL, NULL, 'Marketing', NULL, NULL, '202cb962ac59075b964b07152d234b70'),
('mariapia.fabbri@gmail.com', 'Mariapia', 'Fabbri', '1998-07-06', 0xffd8ffe000104a46494600010100000100010000ffdb0084000906070f0f10101010100e1110101010100e100f0d1010120f0f1511161616121515181d2820181a251b151321312125292b2e2e2e171f3338332d37282d2e2b010a0a0a0505050e05050e2b1913192b2b2b2b2b2b2b2b2b2b2b2b2b2b2b2b2b2b2b2b2b2b2b2b2b2b2b2b2b2b2b2b2b2b2b2b2b2b2b2b2b2b2b2b2b2b2b2b2b2bffc0001108010300c203012200021101031101ffc4001b00010100030101010000000000000000000005010304020607ffc40033100100010105040904020203000000000000010203040511213141517112323342618182b1c12252a1d191e113f11592b2ffc40014010100000000000000000000000000000000ffc40014110100000000000000000000000000000000ffda000c03010002110311003f00fd4c0000000000000000000000000000000000000000000000000000000000000000000000000000000000000000006ab6bc53475a7cb7b82d7149ee53978d5fa054626638c7f28755f6d27bd31cb468aa739ce759907d1f4a38c7f30cbe69d14df2d23bd3e7a82e895678a551d6a627c62727758dee8af64ebc274906f000000000000000000000062672026532f788eea3cea9f86bbfdf3a7f4d3d5df3f77f4e206666676b0000000003312c00efba62331a57ac71df1fb54a2a8988989ce2764be71d373bdcd9cf1a676c70f1805c1e68ae2622627389d92f4000000000000000026e2979cbe88dfd6fd3baded228a66a9dd1f9dc815d59cccced9d641e40000000000000000077e1979ca7a13b27abe12acf9b895ebadb74e98ab7ec9e60dc0000000000000027e2f6b94453c6739e5094ecc52aced32cf6444727180000000000000000000a3845a6b553c7ea8f9f84e745c6acad29f19ca417461900000000001864042bff00695f373ba2ff00da57cdce00000000000000000003d594fd51ce3dde5eace3ea8e71ee0fa26586400000000000011b14a72b4cf8c44b8d5717b3ce9a6ae1394e9ba5280000000000000000000745c69ced28e79f9439d4708b2d6aab84651b3682a000000000000000f16d474a99a78c64f9fae99a666276c4e52fa34ec4eed9fd71b63ad1e1c412c0000000000000000066217aeb63d0a6237ed9e6e0c32ed9cf4e6348eaf8cf1550000000000000000189864047bfdcfa1f553d5ffcff004e27d24c26def0eef51ff5fd0268cd54cc4e53194f09600000000066201874dceeb3693c298db3f10dd75c3e675af48e1be7f4a945311111119446c8028a22988888ca23643d000000000000000c4b96f77da68d235ab86e8e6956d78aebdb33ca34805da2d699998898998db94bdbe72ceb9a662699ca616ee97a8b48e1546d8f9e40e8001aad6c29afad4c4f8ef70db617f6d5e557ed4c042aee5691dd99e5ab54d955f6d5fc4be8807ce7f8eafb6afe25ba9b9da4f767cf45d012acb0b9ef4c47846b3fcbbec2ed4d1d588e7b65b800001e6d2b8a63399888f12baa298999d2236a2df2f53693c298d91f20b54d513b262793d3e76ced2aa673a666394a8dd310cf2a6bca27ee8d9e60a23112c80000e5bfdebfc71a75a767847174a0deed7a75cceed91ca01aa67f3acb0003d59d734ce71394c3c80b574bf535e93a55c38f2753e6ddb76c46aa74abea8e3bc16069b1bcd15ecaa33e13a4b7000000000f1696914eb33100f6d76f6d4d119d5e51be5c36f89eea23d53f109d5d7354e7339c8375eaf555a4f0a77439c000014b0cbd7727d33f0a6f9b89cb58db1ac2fdded3a74c55c63f20da0034deebe8d9d53b349cb9ce9080b78976557a7de110000000000087459df2d29d9567cf57380a34e2b396b4c4cf84cc36462947db57e2528056ff0094a3edaff0d7562bc28e59d5fd2680ebb4c42d277c472872d554ceb3333ce580000000000056c22bce9aa33d939f289ff5292a583f7fd3f20a60039712eceaf2f78445bc4bb3abcbde110000000000000000000000000000000052c1fbfe9f94d52c1fbfe9f9053001cb897675797bc222de25d9d5e5ef08800000000000000000000000000000002960fdff004fca6a960fdff4fc829800e5c4bb3abcbde1116f12eceaf2f7844000000000000000000000000000000014b07eff00a7e5354b07effa7e414c0072e25d9d5e5ef088000000000000000000000000000000002960fdff004fcb2029000fffd9, 'Impiegato semplice', NULL, NULL, 'Ricerca', NULL, NULL, '202cb962ac59075b964b07152d234b70'),
('rolando.lucchesi@gmail.com', 'Rolando', 'Lucchesi', '1984-08-07', 0xffd8ffe000104a46494600010100000100010000ffdb0084000906070f0f10101010100e1110101010100e100f0d1010120f0f1511161616121515181d2820181a251b151321312125292b2e2e2e171f3338332d37282d2e2b010a0a0a0505050e05050e2b1913192b2b2b2b2b2b2b2b2b2b2b2b2b2b2b2b2b2b2b2b2b2b2b2b2b2b2b2b2b2b2b2b2b2b2b2b2b2b2b2b2b2b2b2b2b2b2b2b2b2bffc0001108010300c203012200021101031101ffc4001b00010100030101010000000000000000000005010304020607ffc40033100100010105040904020203000000000000010203040511213141517112323342618182b1c12252a1d191e113f11592b2ffc40014010100000000000000000000000000000000ffc40014110100000000000000000000000000000000ffda000c03010002110311003f00fd4c0000000000000000000000000000000000000000000000000000000000000000000000000000000000000000006ab6bc53475a7cb7b82d7149ee53978d5fa054626638c7f28755f6d27bd31cb468aa739ce759907d1f4a38c7f30cbe69d14df2d23bd3e7a82e895678a551d6a627c62727758dee8af64ebc274906f000000000000000000000062672026532f788eea3cea9f86bbfdf3a7f4d3d5df3f77f4e206666676b0000000003312c00efba62331a57ac71df1fb54a2a8988989ce2764be71d373bdcd9cf1a676c70f1805c1e68ae2622627389d92f4000000000000000026e2979cbe88dfd6fd3baded228a66a9dd1f9dc815d59cccced9d641e40000000000000000077e1979ca7a13b27abe12acf9b895ebadb74e98ab7ec9e60dc0000000000000027e2f6b94453c6739e5094ecc52aced32cf6444727180000000000000000000a3845a6b553c7ea8f9f84e745c6acad29f19ca417461900000000001864042bff00695f373ba2ff00da57cdce00000000000000000003d594fd51ce3dde5eace3ea8e71ee0fa26586400000000000011b14a72b4cf8c44b8d5717b3ce9a6ae1394e9ba5280000000000000000000745c69ced28e79f9439d4708b2d6aab84651b3682a000000000000000f16d474a99a78c64f9fae99a666276c4e52fa34ec4eed9fd71b63ad1e1c412c0000000000000000066217aeb63d0a6237ed9e6e0c32ed9cf4e6348eaf8cf1550000000000000000189864047bfdcfa1f553d5ffcff004e27d24c26def0eef51ff5fd0268cd54cc4e53194f09600000000066201874dceeb3693c298db3f10dd75c3e675af48e1be7f4a945311111119446c8028a22988888ca23643d000000000000000c4b96f77da68d235ab86e8e6956d78aebdb33ca34805da2d699998898998db94bdbe72ceb9a662699ca616ee97a8b48e1546d8f9e40e8001aad6c29afad4c4f8ef70db617f6d5e557ed4c042aee5691dd99e5ab54d955f6d5fc4be8807ce7f8eafb6afe25ba9b9da4f767cf45d012acb0b9ef4c47846b3fcbbec2ed4d1d588e7b65b800001e6d2b8a63399888f12baa298999d2236a2df2f53693c298d91f20b54d513b262793d3e76ced2aa673a666394a8dd310cf2a6bca27ee8d9e60a23112c80000e5bfdebfc71a75a767847174a0deed7a75cceed91ca01aa67f3acb0003d59d734ce71394c3c80b574bf535e93a55c38f2753e6ddb76c46aa74abea8e3bc16069b1bcd15ecaa33e13a4b7000000000f1696914eb33100f6d76f6d4d119d5e51be5c36f89eea23d53f109d5d7354e7339c8375eaf555a4f0a77439c000014b0cbd7727d33f0a6f9b89cb58db1ac2fdded3a74c55c63f20da0034deebe8d9d53b349cb9ce9080b78976557a7de110000000000087459df2d29d9567cf57380a34e2b396b4c4cf84cc36462947db57e2528056ff0094a3edaff0d7562bc28e59d5fd2680ebb4c42d277c472872d554ceb3333ce580000000000056c22bce9aa33d939f289ff5292a583f7fd3f20a60039712eceaf2f78445bc4bb3abcbde110000000000000000000000000000000052c1fbfe9f94d52c1fbfe9f9053001cb897675797bc222de25d9d5e5ef08800000000000000000000000000000002960fdff004fca6a960fdff4fc829800e5c4bb3abcbde1116f12eceaf2f7844000000000000000000000000000000014b07eff00a7e5354b07effa7e414c0072e25d9d5e5ef088000000000000000000000000000000002960fdff004fcb2029000fffd9, 'Funzionario', NULL, NULL, 'Risorse umane', 'angelina.monteverdi@gmail.com', '2010-02-03', '202cb962ac59075b964b07152d234b70'),
('valeria.andreotti@gmail.com', 'Valeria', 'Andreotti', '1988-08-09', 0xffd8ffe000104a46494600010100000100010000ffdb0084000906070f0f10101010100e1110101010100e100f0d1010120f0f1511161616121515181d2820181a251b151321312125292b2e2e2e171f3338332d37282d2e2b010a0a0a0505050e05050e2b1913192b2b2b2b2b2b2b2b2b2b2b2b2b2b2b2b2b2b2b2b2b2b2b2b2b2b2b2b2b2b2b2b2b2b2b2b2b2b2b2b2b2b2b2b2b2b2b2b2b2bffc0001108010300c203012200021101031101ffc4001b00010100030101010000000000000000000005010304020607ffc40033100100010105040904020203000000000000010203040511213141517112323342618182b1c12252a1d191e113f11592b2ffc40014010100000000000000000000000000000000ffc40014110100000000000000000000000000000000ffda000c03010002110311003f00fd4c0000000000000000000000000000000000000000000000000000000000000000000000000000000000000000006ab6bc53475a7cb7b82d7149ee53978d5fa054626638c7f28755f6d27bd31cb468aa739ce759907d1f4a38c7f30cbe69d14df2d23bd3e7a82e895678a551d6a627c62727758dee8af64ebc274906f000000000000000000000062672026532f788eea3cea9f86bbfdf3a7f4d3d5df3f77f4e206666676b0000000003312c00efba62331a57ac71df1fb54a2a8988989ce2764be71d373bdcd9cf1a676c70f1805c1e68ae2622627389d92f4000000000000000026e2979cbe88dfd6fd3baded228a66a9dd1f9dc815d59cccced9d641e40000000000000000077e1979ca7a13b27abe12acf9b895ebadb74e98ab7ec9e60dc0000000000000027e2f6b94453c6739e5094ecc52aced32cf6444727180000000000000000000a3845a6b553c7ea8f9f84e745c6acad29f19ca417461900000000001864042bff00695f373ba2ff00da57cdce00000000000000000003d594fd51ce3dde5eace3ea8e71ee0fa26586400000000000011b14a72b4cf8c44b8d5717b3ce9a6ae1394e9ba5280000000000000000000745c69ced28e79f9439d4708b2d6aab84651b3682a000000000000000f16d474a99a78c64f9fae99a666276c4e52fa34ec4eed9fd71b63ad1e1c412c0000000000000000066217aeb63d0a6237ed9e6e0c32ed9cf4e6348eaf8cf1550000000000000000189864047bfdcfa1f553d5ffcff004e27d24c26def0eef51ff5fd0268cd54cc4e53194f09600000000066201874dceeb3693c298db3f10dd75c3e675af48e1be7f4a945311111119446c8028a22988888ca23643d000000000000000c4b96f77da68d235ab86e8e6956d78aebdb33ca34805da2d699998898998db94bdbe72ceb9a662699ca616ee97a8b48e1546d8f9e40e8001aad6c29afad4c4f8ef70db617f6d5e557ed4c042aee5691dd99e5ab54d955f6d5fc4be8807ce7f8eafb6afe25ba9b9da4f767cf45d012acb0b9ef4c47846b3fcbbec2ed4d1d588e7b65b800001e6d2b8a63399888f12baa298999d2236a2df2f53693c298d91f20b54d513b262793d3e76ced2aa673a666394a8dd310cf2a6bca27ee8d9e60a23112c80000e5bfdebfc71a75a767847174a0deed7a75cceed91ca01aa67f3acb0003d59d734ce71394c3c80b574bf535e93a55c38f2753e6ddb76c46aa74abea8e3bc16069b1bcd15ecaa33e13a4b7000000000f1696914eb33100f6d76f6d4d119d5e51be5c36f89eea23d53f109d5d7354e7339c8375eaf555a4f0a77439c000014b0cbd7727d33f0a6f9b89cb58db1ac2fdded3a74c55c63f20da0034deebe8d9d53b349cb9ce9080b78976557a7de110000000000087459df2d29d9567cf57380a34e2b396b4c4cf84cc36462947db57e2528056ff0094a3edaff0d7562bc28e59d5fd2680ebb4c42d277c472872d554ceb3333ce580000000000056c22bce9aa33d939f289ff5292a583f7fd3f20a60039712eceaf2f78445bc4bb3abcbde110000000000000000000000000000000052c1fbfe9f94d52c1fbfe9f9053001cb897675797bc222de25d9d5e5ef08800000000000000000000000000000002960fdff004fca6a960fdff4fc829800e5c4bb3abcbde1116f12eceaf2f7844000000000000000000000000000000014b07eff00a7e5354b07effa7e414c0072e25d9d5e5ef088000000000000000000000000000000002960fdff004fcb2029000fffd9, 'Impiegato semplice', NULL, NULL, 'Risorse umane', NULL, NULL, '202cb962ac59075b964b07152d234b70'),
('zaira.donini@gmail.com', 'Zaira', 'Donini', '1969-05-26', 0xffd8ffe000104a46494600010100000100010000ffdb0084000906070f0f10101010100e1110101010100e100f0d1010120f0f1511161616121515181d2820181a251b151321312125292b2e2e2e171f3338332d37282d2e2b010a0a0a0505050e05050e2b1913192b2b2b2b2b2b2b2b2b2b2b2b2b2b2b2b2b2b2b2b2b2b2b2b2b2b2b2b2b2b2b2b2b2b2b2b2b2b2b2b2b2b2b2b2b2b2b2b2b2bffc0001108010300c203012200021101031101ffc4001b00010100030101010000000000000000000005010304020607ffc40033100100010105040904020203000000000000010203040511213141517112323342618182b1c12252a1d191e113f11592b2ffc40014010100000000000000000000000000000000ffc40014110100000000000000000000000000000000ffda000c03010002110311003f00fd4c0000000000000000000000000000000000000000000000000000000000000000000000000000000000000000006ab6bc53475a7cb7b82d7149ee53978d5fa054626638c7f28755f6d27bd31cb468aa739ce759907d1f4a38c7f30cbe69d14df2d23bd3e7a82e895678a551d6a627c62727758dee8af64ebc274906f000000000000000000000062672026532f788eea3cea9f86bbfdf3a7f4d3d5df3f77f4e206666676b0000000003312c00efba62331a57ac71df1fb54a2a8988989ce2764be71d373bdcd9cf1a676c70f1805c1e68ae2622627389d92f4000000000000000026e2979cbe88dfd6fd3baded228a66a9dd1f9dc815d59cccced9d641e40000000000000000077e1979ca7a13b27abe12acf9b895ebadb74e98ab7ec9e60dc0000000000000027e2f6b94453c6739e5094ecc52aced32cf6444727180000000000000000000a3845a6b553c7ea8f9f84e745c6acad29f19ca417461900000000001864042bff00695f373ba2ff00da57cdce00000000000000000003d594fd51ce3dde5eace3ea8e71ee0fa26586400000000000011b14a72b4cf8c44b8d5717b3ce9a6ae1394e9ba5280000000000000000000745c69ced28e79f9439d4708b2d6aab84651b3682a000000000000000f16d474a99a78c64f9fae99a666276c4e52fa34ec4eed9fd71b63ad1e1c412c0000000000000000066217aeb63d0a6237ed9e6e0c32ed9cf4e6348eaf8cf1550000000000000000189864047bfdcfa1f553d5ffcff004e27d24c26def0eef51ff5fd0268cd54cc4e53194f09600000000066201874dceeb3693c298db3f10dd75c3e675af48e1be7f4a945311111119446c8028a22988888ca23643d000000000000000c4b96f77da68d235ab86e8e6956d78aebdb33ca34805da2d699998898998db94bdbe72ceb9a662699ca616ee97a8b48e1546d8f9e40e8001aad6c29afad4c4f8ef70db617f6d5e557ed4c042aee5691dd99e5ab54d955f6d5fc4be8807ce7f8eafb6afe25ba9b9da4f767cf45d012acb0b9ef4c47846b3fcbbec2ed4d1d588e7b65b800001e6d2b8a63399888f12baa298999d2236a2df2f53693c298d91f20b54d513b262793d3e76ced2aa673a666394a8dd310cf2a6bca27ee8d9e60a23112c80000e5bfdebfc71a75a767847174a0deed7a75cceed91ca01aa67f3acb0003d59d734ce71394c3c80b574bf535e93a55c38f2753e6ddb76c46aa74abea8e3bc16069b1bcd15ecaa33e13a4b7000000000f1696914eb33100f6d76f6d4d119d5e51be5c36f89eea23d53f109d5d7354e7339c8375eaf555a4f0a77439c000014b0cbd7727d33f0a6f9b89cb58db1ac2fdded3a74c55c63f20da0034deebe8d9d53b349cb9ce9080b78976557a7de110000000000087459df2d29d9567cf57380a34e2b396b4c4cf84cc36462947db57e2528056ff0094a3edaff0d7562bc28e59d5fd2680ebb4c42d277c472872d554ceb3333ce580000000000056c22bce9aa33d939f289ff5292a583f7fd3f20a60039712eceaf2f78445bc4bb3abcbde110000000000000000000000000000000052c1fbfe9f94d52c1fbfe9f9053001cb897675797bc222de25d9d5e5ef08800000000000000000000000000000002960fdff004fca6a960fdff4fc829800e5c4bb3abcbde1116f12eceaf2f7844000000000000000000000000000000014b07eff00a7e5354b07effa7e414c0072e25d9d5e5ef088000000000000000000000000000000002960fdff004fcb2029000fffd9, 'Impiegato semplice', NULL, NULL, 'Produzione', NULL, NULL, '202cb962ac59075b964b07152d234b70');

-- --------------------------------------------------------

--
-- Struttura della tabella `riunione`
--

CREATE TABLE `riunione` (
  `data` date NOT NULL,
  `ora` time NOT NULL,
  `nome_sala` varchar(30) NOT NULL,
  `nome_dipartimento_sala` varchar(30) NOT NULL,
  `durata` int(11) NOT NULL,
  `tema` varchar(50) NOT NULL,
  `creatore` varchar(50) NOT NULL
) ENGINE=InnoDB DEFAULT CHARSET=utf8mb4;

--
-- Dump dei dati per la tabella `riunione`
--

INSERT INTO `riunione` (`data`, `ora`, `nome_sala`, `nome_dipartimento_sala`, `durata`, `tema`, `creatore`) VALUES
('2021-12-15', '09:00:00', 'Gamma', 'Ricerca', 60, 'Nuove strategie', 'angelina.monteverdi@gmail.com'),
('2021-12-15', '15:30:00', 'Stachanov', 'Produzione', 30, 'Nuovi materiali', 'cesare.vigliotti@gmail.com'),
('2021-12-15', '16:00:00', 'Centrale', 'Produzione', 60, 'Sicurezza lavoro', 'ivo.sauli@gmail.com'),
('2021-12-15', '16:00:00', 'Crociera', 'Risorse umane', 30, 'Comunicazione efficiente', 'graziella.natta@gmail.com'),
('2021-12-16', '08:45:00', 'Turing', 'Ricerca', 30, 'Ottimizzazione', 'adele.dalla@gmail.com'),
('2021-12-16', '09:30:00', 'Centrale', 'Produzione', 60, 'Riduzione costi', 'elladio.montessori@gmail.com'),
('2021-12-16', '11:00:00', 'Orion', 'Marketing', 45, 'Spot pubblicitario', 'giancarlo.scotti@gmail.com'),
('2021-12-16', '13:30:00', 'Magenta', 'Contabilità', 90, 'Efficienza', 'elladio.montessori@gmail.com'),
('2021-12-17', '10:00:00', 'Manhattan', 'Marketing', 45, 'Appeal e marketability', 'giancarlo.scotti@gmail.com'),
('2021-12-17', '13:00:00', 'Delta', 'Risorse umane', 20, 'Linguaggio inclusivo', 'graziella.natta@gmail.com'),
('2022-01-25', '09:00:00', 'Delta', 'Risorse umane', 90, 'Sicurezza sul lavoro', 'anita.sraffa@gmail.com'),
('2022-01-25', '11:00:00', 'Confucio', 'Risorse umane', 120, 'Resoconto mensile', 'antonina.gelli@gmail.com'),
('2022-01-25', '16:00:00', 'Centrale', 'Produzione', 60, 'Resoconto mensile', 'angelina.monteverdi@gmail.com'),
('2022-01-25', '17:30:00', 'Crociera', 'Risorse umane', 30, 'Corso di aggiornamento', 'cesare.vigliotti@gmail.com'),
('2022-01-26', '08:45:00', 'Gamma', 'Ricerca', 45, 'Nuove tecnologie sul lavoro', 'elladio.montessori@gmail.com'),
('2022-01-26', '14:00:00', 'Lorentz', 'Contabilità', 30, 'Corso di aggiornamento', 'elladio.montessori@gmail.com'),
('2022-01-26', '18:30:00', 'Magenta', 'Contabilità', 15, 'Organizzazione interna', 'anita.sraffa@gmail.com'),
('2022-01-27', '08:30:00', 'Stachanov', 'Produzione', 20, 'Sicurezza sul lavoro', 'giancarlo.scotti@gmail.com'),
('2022-01-27', '09:30:00', 'Turing', 'Ricerca', 30, 'Organizzazione interna', 'adele.dalla@gmail.com'),
('2022-01-27', '11:15:00', 'Turing', 'Ricerca', 45, 'Corso di aggiornamento', 'adele.dalla@gmail.com');

-- --------------------------------------------------------

--
-- Struttura della tabella `sala`
--

CREATE TABLE `sala` (
  `nome` varchar(30) NOT NULL,
  `nome_dipartimento` varchar(30) NOT NULL,
  `capienza` int(11) NOT NULL,
  `n_tavoli` int(11) NOT NULL,
  `lavagne` int(11) NOT NULL,
  `computer` int(11) NOT NULL,
  `proiettori` int(11) NOT NULL
) ENGINE=InnoDB DEFAULT CHARSET=utf8mb4;

--
-- Dump dei dati per la tabella `sala`
--

INSERT INTO `sala` (`nome`, `nome_dipartimento`, `capienza`, `n_tavoli`, `lavagne`, `computer`, `proiettori`) VALUES
('Centrale', 'Produzione', 15, 3, 3, 6, 3),
('Confucio', 'Risorse umane', 8, 2, 1, 5, 2),
('Crociera', 'Risorse umane', 12, 4, 0, 3, 0),
('Delta', 'Risorse umane', 10, 1, 1, 3, 1),
('Gamma', 'Ricerca', 7, 3, 3, 7, 2),
('Lorentz', 'Contabilità', 7, 4, 1, 4, 0),
('Magenta', 'Contabilità', 5, 1, 2, 4, 2),
('Manhattan', 'Marketing', 9, 3, 3, 9, 2),
('Orion', 'Marketing', 6, 2, 4, 2, 0),
('Parigi', 'Contabilità', 15, 3, 1, 7, 1),
('Stachanov', 'Produzione', 7, 1, 1, 0, 2),
('Turing', 'Ricerca', 4, 1, 1, 2, 0);

--
-- Indici per le tabelle scaricate
--

--
-- Indici per le tabelle `assegnato`
--
ALTER TABLE `assegnato`
  ADD PRIMARY KEY (`data_riunione`,`ora_riunione`,`nome_sala_riunione`,`nome_dipartimento_sala_riunione`,`email_partecipante`),
  ADD KEY `assegnato_ibfk_1` (`data_riunione`,`ora_riunione`,`nome_sala_riunione`,`nome_dipartimento_sala_riunione`),
  ADD KEY `assegnato_ibfk_2` (`email_partecipante`);

--
-- Indici per le tabelle `dipartimento`
--
ALTER TABLE `dipartimento`
  ADD PRIMARY KEY (`nome`),
  ADD UNIQUE KEY `unique_index` (`email_dirigente`);

--
-- Indici per le tabelle `lavoratore`
--
ALTER TABLE `lavoratore`
  ADD PRIMARY KEY (`email`),
  ADD KEY `lavoratore_ibfk_1` (`nome_dipartimento`),
  ADD KEY `lavoratore_ibfk_2` (`dirigente_autorizzante`);

--
-- Indici per le tabelle `riunione`
--
ALTER TABLE `riunione`
  ADD PRIMARY KEY (`data`,`ora`,`nome_sala`,`nome_dipartimento_sala`),
  ADD KEY `riunione_ibfk_1` (`nome_sala`,`nome_dipartimento_sala`),
  ADD KEY `riunione_ibfk_2` (`creatore`);

--
-- Indici per le tabelle `sala`
--
ALTER TABLE `sala`
  ADD PRIMARY KEY (`nome`,`nome_dipartimento`),
  ADD KEY `sala_ibfk_1` (`nome_dipartimento`);

--
-- Limiti per le tabelle scaricate
--

--
-- Limiti per la tabella `assegnato`
--
ALTER TABLE `assegnato`
  ADD CONSTRAINT `assegnato_ibfk_1` FOREIGN KEY (`data_riunione`,`ora_riunione`,`nome_sala_riunione`,`nome_dipartimento_sala_riunione`) REFERENCES `riunione` (`data`, `ora`, `nome_sala`, `nome_dipartimento_sala`) ON DELETE CASCADE ON UPDATE CASCADE,
  ADD CONSTRAINT `assegnato_ibfk_2` FOREIGN KEY (`email_partecipante`) REFERENCES `lavoratore` (`email`) ON DELETE CASCADE ON UPDATE CASCADE;

--
-- Limiti per la tabella `dipartimento`
--
ALTER TABLE `dipartimento`
  ADD CONSTRAINT `dipartimento_ibfk_1` FOREIGN KEY (`email_dirigente`) REFERENCES `lavoratore` (`email`) ON DELETE CASCADE ON UPDATE CASCADE;

--
-- Limiti per la tabella `lavoratore`
--
ALTER TABLE `lavoratore`
  ADD CONSTRAINT `lavoratore_ibfk_1` FOREIGN KEY (`nome_dipartimento`) REFERENCES `dipartimento` (`nome`) ON DELETE CASCADE ON UPDATE CASCADE,
  ADD CONSTRAINT `lavoratore_ibfk_2` FOREIGN KEY (`dirigente_autorizzante`) REFERENCES `lavoratore` (`email`) ON DELETE CASCADE ON UPDATE CASCADE;

--
-- Limiti per la tabella `riunione`
--
ALTER TABLE `riunione`
  ADD CONSTRAINT `riunione_ibfk_1` FOREIGN KEY (`nome_sala`,`nome_dipartimento_sala`) REFERENCES `sala` (`nome`, `nome_dipartimento`) ON DELETE CASCADE ON UPDATE CASCADE,
  ADD CONSTRAINT `riunione_ibfk_2` FOREIGN KEY (`creatore`) REFERENCES `lavoratore` (`email`) ON DELETE CASCADE ON UPDATE CASCADE;

--
-- Limiti per la tabella `sala`
--
ALTER TABLE `sala`
  ADD CONSTRAINT `sala_ibfk_1` FOREIGN KEY (`nome_dipartimento`) REFERENCES `dipartimento` (`nome`) ON DELETE CASCADE ON UPDATE CASCADE;
COMMIT;

/*!40101 SET CHARACTER_SET_CLIENT=@OLD_CHARACTER_SET_CLIENT */;
/*!40101 SET CHARACTER_SET_RESULTS=@OLD_CHARACTER_SET_RESULTS */;
/*!40101 SET COLLATION_CONNECTION=@OLD_COLLATION_CONNECTION */;
